keyword,month,searches_chart_read,chart_axis_max,run,read_at_utc
personalized gift,May 25,169970,200000,G1,2026-09-21T18:32:30
personalized gift,Jun 25,82890,200000,G1,2026-09-21T18:32:30
personalized gift,Jul 25,80880,200000,G1,2026-09-21T18:32:30
personalized gift,Aug 25,94770,200000,G1,2026-09-21T18:32:30
personalized gift,Sep 25,31840,200000,G1,2026-09-21T18:32:30
personalized gift,Oct 25,69870,200000,G1,2026-09-21T18:32:30
personalized gift,Nov 25,125930,200000,G1,2026-09-21T18:32:30
personalized gift,Dec 25,29830,200000,G1,2026-09-21T18:32:30
personalized gift,Jan 26,8480,200000,G1,2026-09-21T18:32:30
personalized gift,Feb 26,33820,200000,G1,2026-09-21T18:32:30
personalized gift,Mar 26,11490,200000,G1,2026-09-21T18:32:30
personalized gift,Apr 26,22790,200000,G1,2026-09-21T18:32:30
personalized gift,May 26,19790,200000,G1,2026-09-21T18:32:30
personalized gift,Jun 26,18820,200000,G1,2026-09-21T18:32:30
personalized gift,Jul 26,28830,200000,G1,2026-09-21T18:32:30
digital products,May 25,33840,200000,G1,2026-09-21T18:32:30
digital products,Jun 25,37840,200000,G1,2026-09-21T18:32:30
digital products,Jul 25,42850,200000,G1,2026-09-21T18:32:30
digital products,Aug 25,9820,200000,G1,2026-09-21T18:32:30
digital products,Sep 25,19770,200000,G1,2026-09-21T18:32:30
digital products,Oct 25,47850,200000,G1,2026-09-21T18:32:30
digital products,Nov 25,28820,200000,G1,2026-09-21T18:32:30
digital products,Dec 25,30830,200000,G1,2026-09-21T18:32:30
digital products,Jan 26,10750,200000,G1,2026-09-21T18:32:30
digital products,Feb 26,30810,200000,G1,2026-09-21T18:32:30
digital products,Mar 26,30810,200000,G1,2026-09-21T18:32:30
digital products,Apr 26,41850,200000,G1,2026-09-21T18:32:30
digital products,May 26,36840,200000,G1,2026-09-21T18:32:30
digital products,Jun 26,35840,200000,G1,2026-09-21T18:32:30
digital products,Jul 26,50850,200000,G1,2026-09-21T18:32:30
housewarming gift,May 25,11700,200000,G1,2026-09-21T18:32:30
housewarming gift,Jun 25,7430,200000,G1,2026-09-21T18:32:30
housewarming gift,Jul 25,3420,200000,G1,2026-09-21T18:32:30
housewarming gift,Aug 25,52740,200000,G1,2026-09-21T18:32:30
housewarming gift,Sep 25,5240,200000,G1,2026-09-21T18:32:30
housewarming gift,Oct 25,14820,200000,G1,2026-09-21T18:32:30
housewarming gift,Nov 25,18820,200000,G1,2026-09-21T18:32:30
housewarming gift,Dec 25,21820,200000,G1,2026-09-21T18:32:30
housewarming gift,Jan 26,7230,200000,G1,2026-09-21T18:32:30
housewarming gift,Feb 26,9760,200000,G1,2026-09-21T18:32:30
housewarming gift,Mar 26,9560,200000,G1,2026-09-21T18:32:30
housewarming gift,Apr 26,5430,200000,G1,2026-09-21T18:32:30
housewarming gift,May 26,8740,200000,G1,2026-09-21T18:32:30
housewarming gift,Jun 26,3670,200000,G1,2026-09-21T18:32:30
housewarming gift,Jul 26,5320,200000,G1,2026-09-21T18:32:30
christmas ornament,May 25,1410,200000,G1,2026-09-21T18:32:30
christmas ornament,Jun 25,4660,200000,G1,2026-09-21T18:32:30
christmas ornament,Jul 25,7550,200000,G1,2026-09-21T18:32:30
christmas ornament,Aug 25,12280,200000,G1,2026-09-21T18:32:30
christmas ornament,Sep 25,12760,200000,G1,2026-09-21T18:32:30
christmas ornament,Oct 25,42850,200000,G1,2026-09-21T18:32:30
christmas ornament,Nov 25,15800,200000,G1,2026-09-21T18:32:30
christmas ornament,Dec 25,1200,200000,G1,2026-09-21T18:32:30
christmas ornament,Jan 26,10,200000,G1,2026-09-21T18:32:30
christmas ornament,Feb 26,2180,200000,G1,2026-09-21T18:32:30
christmas ornament,Mar 26,1010,200000,G1,2026-09-21T18:32:30
christmas ornament,Apr 26,1190,200000,G1,2026-09-21T18:32:30
christmas ornament,May 26,3470,200000,G1,2026-09-21T18:32:30
christmas ornament,Jun 26,5490,200000,G1,2026-09-21T18:32:30
christmas ornament,Jul 26,11750,200000,G1,2026-09-21T18:32:30
advent calendar,May 25,1510,200000,G1,2026-09-21T18:32:30
advent calendar,Jun 25,4520,200000,G1,2026-09-21T18:32:30
advent calendar,Jul 25,2510,200000,G1,2026-09-21T18:32:30
advent calendar,Aug 25,27260,200000,G1,2026-09-21T18:32:30
advent calendar,Sep 25,1310,200000,G1,2026-09-21T18:32:30
advent calendar,Oct 25,40840,200000,G1,2026-09-21T18:32:30
advent calendar,Nov 25,15780,200000,G1,2026-09-21T18:32:30
advent calendar,Dec 25,3490,200000,G1,2026-09-21T18:32:30
advent calendar,Jan 26,60,200000,G1,2026-09-21T18:32:30
advent calendar,Feb 26,2010,200000,G1,2026-09-21T18:32:30
advent calendar,Mar 26,60,200000,G1,2026-09-21T18:32:30
advent calendar,Apr 26,2230,200000,G1,2026-09-21T18:32:30
advent calendar,May 26,1260,200000,G1,2026-09-21T18:32:30
advent calendar,Jun 26,1130,200000,G1,2026-09-21T18:32:30
advent calendar,Jul 26,4730,200000,G1,2026-09-21T18:32:30
personalized home,May 25,10,200000,G1,2026-09-21T18:32:30
personalized home,Jun 25,10,200000,G1,2026-09-21T18:32:30
personalized home,Jul 25,3520,200000,G1,2026-09-21T18:32:30
personalized home,Aug 25,67740,200000,G1,2026-09-21T18:32:30
personalized home,Sep 25,4420,200000,G1,2026-09-21T18:32:30
personalized home,Oct 25,1140,200000,G1,2026-09-21T18:32:30
personalized home,Nov 25,1200,200000,G1,2026-09-21T18:32:30
personalized home,Dec 25,6530,200000,G1,2026-09-21T18:32:30
personalized home,Jan 26,3210,200000,G1,2026-09-21T18:32:30
personalized home,Feb 26,3220,200000,G1,2026-09-21T18:32:30
personalized home,Mar 26,1010,200000,G1,2026-09-21T18:32:30
personalized home,Apr 26,10,200000,G1,2026-09-21T18:32:30
personalized home,May 26,0,200000,G1,2026-09-21T18:32:30
personalized home,Jun 26,10,200000,G1,2026-09-21T18:32:30
personalized home,Jul 26,10,200000,G1,2026-09-21T18:32:30
embroidery designs,May 25,8740,200000,G1,2026-09-21T18:32:30
embroidery designs,Jun 25,5480,200000,G1,2026-09-21T18:32:30
embroidery designs,Jul 25,4710,200000,G1,2026-09-21T18:32:30
embroidery designs,Aug 25,15650,200000,G1,2026-09-21T18:32:30
embroidery designs,Sep 25,7800,200000,G1,2026-09-21T18:32:30
embroidery designs,Oct 25,10750,200000,G1,2026-09-21T18:32:30
embroidery designs,Nov 25,7740,200000,G1,2026-09-21T18:32:30
embroidery designs,Dec 25,4730,200000,G1,2026-09-21T18:32:30
embroidery designs,Jan 26,3400,200000,G1,2026-09-21T18:32:30
embroidery designs,Feb 26,4530,200000,G1,2026-09-21T18:32:30
embroidery designs,Mar 26,5740,200000,G1,2026-09-21T18:32:30
embroidery designs,Apr 26,4710,200000,G1,2026-09-21T18:32:30
embroidery designs,May 26,5730,200000,G1,2026-09-21T18:32:30
embroidery designs,Jun 26,3460,200000,G1,2026-09-21T18:32:30
embroidery designs,Jul 26,10740,200000,G1,2026-09-21T18:32:30
digital product,May 25,4530,200000,G1,2026-09-21T18:32:30
digital product,Jun 25,5680,200000,G1,2026-09-21T18:32:30
digital product,Jul 25,5530,200000,G1,2026-09-21T18:32:30
digital product,Aug 25,1590,200000,G1,2026-09-21T18:32:30
digital product,Sep 25,3400,200000,G1,2026-09-21T18:32:30
digital product,Oct 25,7540,200000,G1,2026-09-21T18:32:30
digital product,Nov 25,7530,200000,G1,2026-09-21T18:32:30
digital product,Dec 25,10540,200000,G1,2026-09-21T18:32:30
digital product,Jan 26,7540,200000,G1,2026-09-21T18:32:30
digital product,Feb 26,5730,200000,G1,2026-09-21T18:32:30
digital product,Mar 26,3020,200000,G1,2026-09-21T18:32:30
digital product,Apr 26,10550,200000,G1,2026-09-21T18:32:30
digital product,May 26,7440,200000,G1,2026-09-21T18:32:30
digital product,Jun 26,4640,200000,G1,2026-09-21T18:32:30
digital product,Jul 26,5430,200000,G1,2026-09-21T18:32:30
stocking stuffer,May 25,10,200000,G1,2026-09-21T18:32:30
stocking stuffer,Jun 25,10,200000,G1,2026-09-21T18:32:30
stocking stuffer,Jul 25,10,200000,G1,2026-09-21T18:32:30
stocking stuffer,Aug 25,4420,200000,G1,2026-09-21T18:32:30
stocking stuffer,Sep 25,2520,200000,G1,2026-09-21T18:32:30
stocking stuffer,Oct 25,11780,200000,G1,2026-09-21T18:32:30
stocking stuffer,Nov 25,48850,200000,G1,2026-09-21T18:32:30
stocking stuffer,Dec 25,3180,200000,G1,2026-09-21T18:32:30
stocking stuffer,Jan 26,10,200000,G1,2026-09-21T18:32:30
stocking stuffer,Feb 26,2020,200000,G1,2026-09-21T18:32:30
stocking stuffer,Mar 26,0,200000,G1,2026-09-21T18:32:30
stocking stuffer,Apr 26,10,200000,G1,2026-09-21T18:32:30
stocking stuffer,May 26,0,200000,G1,2026-09-21T18:32:30
stocking stuffer,Jun 26,1010,200000,G1,2026-09-21T18:32:30
stocking stuffer,Jul 26,110,200000,G1,2026-09-21T18:32:30
self care gift,May 25,1070,200000,G1,2026-09-21T18:32:30
self care gift,Jun 25,1120,200000,G1,2026-09-21T18:32:30
self care gift,Jul 25,10,200000,G1,2026-09-21T18:32:30
self care gift,Aug 25,2420,200000,G1,2026-09-21T18:32:30
self care gift,Sep 25,10,200000,G1,2026-09-21T18:32:30
self care gift,Oct 25,1170,200000,G1,2026-09-21T18:32:30
self care gift,Nov 25,1200,200000,G1,2026-09-21T18:32:30
self care gift,Dec 25,48850,200000,G1,2026-09-21T18:32:30
self care gift,Jan 26,1130,200000,G1,2026-09-21T18:32:30
self care gift,Feb 26,2540,200000,G1,2026-09-21T18:32:30
self care gift,Mar 26,2070,200000,G1,2026-09-21T18:32:30
self care gift,Apr 26,1170,200000,G1,2026-09-21T18:32:30
self care gift,May 26,10,200000,G1,2026-09-21T18:32:30
self care gift,Jun 26,7520,200000,G1,2026-09-21T18:32:30
self care gift,Jul 26,2020,200000,G1,2026-09-21T18:32:30
best friend gift,May 25,2580,200000,G1,2026-09-21T18:32:30
best friend gift,Jun 25,4710,200000,G1,2026-09-21T18:32:30
best friend gift,Jul 25,1120,200000,G1,2026-09-21T18:32:30
best friend gift,Aug 25,21760,200000,G1,2026-09-21T18:32:30
best friend gift,Sep 25,2270,200000,G1,2026-09-21T18:32:30
best friend gift,Oct 25,3710,200000,G1,2026-09-21T18:32:30
best friend gift,Nov 25,4710,200000,G1,2026-09-21T18:32:30
best friend gift,Dec 25,4630,200000,G1,2026-09-21T18:32:30
best friend gift,Jan 26,1210,200000,G1,2026-09-21T18:32:30
best friend gift,Feb 26,1620,200000,G1,2026-09-21T18:32:30
best friend gift,Mar 26,1410,200000,G1,2026-09-21T18:32:30
best friend gift,Apr 26,2320,200000,G1,2026-09-21T18:32:30
best friend gift,May 26,1210,200000,G1,2026-09-21T18:32:30
best friend gift,Jun 26,2210,200000,G1,2026-09-21T18:32:30
best friend gift,Jul 26,2710,200000,G1,2026-09-21T18:32:30
needle minder,May 25,2740,20000,G2,2026-09-21T18:32:39
needle minder,Jun 25,1490,20000,G2,2026-09-21T18:32:39
needle minder,Jul 25,1010,20000,G2,2026-09-21T18:32:39
needle minder,Aug 25,11560,20000,G2,2026-09-21T18:32:39
needle minder,Sep 25,1200,20000,G2,2026-09-21T18:32:39
needle minder,Oct 25,1210,20000,G2,2026-09-21T18:32:39
needle minder,Nov 25,7720,20000,G2,2026-09-21T18:32:39
needle minder,Dec 25,2520,20000,G2,2026-09-21T18:32:39
needle minder,Jan 26,2740,20000,G2,2026-09-21T18:32:39
needle minder,Feb 26,1210,20000,G2,2026-09-21T18:32:39
needle minder,Mar 26,3230,20000,G2,2026-09-21T18:32:39
needle minder,Apr 26,2220,20000,G2,2026-09-21T18:32:39
needle minder,May 26,1200,20000,G2,2026-09-21T18:32:39
needle minder,Jun 26,2730,20000,G2,2026-09-21T18:32:39
needle minder,Jul 26,1410,20000,G2,2026-09-21T18:32:39
nutcracker,May 25,10,20000,G2,2026-09-21T18:32:39
nutcracker,Jun 25,10,20000,G2,2026-09-21T18:32:39
nutcracker,Jul 25,1060,20000,G2,2026-09-21T18:32:39
nutcracker,Aug 25,8940,20000,G2,2026-09-21T18:32:39
nutcracker,Sep 25,1260,20000,G2,2026-09-21T18:32:39
nutcracker,Oct 25,7720,20000,G2,2026-09-21T18:32:39
nutcracker,Nov 25,12760,20000,G2,2026-09-21T18:32:39
nutcracker,Dec 25,10,20000,G2,2026-09-21T18:32:39
nutcracker,Jan 26,60,20000,G2,2026-09-21T18:32:39
nutcracker,Feb 26,210,20000,G2,2026-09-21T18:32:39
nutcracker,Mar 26,10,20000,G2,2026-09-21T18:32:39
nutcracker,Apr 26,1060,20000,G2,2026-09-21T18:32:39
nutcracker,May 26,10,20000,G2,2026-09-21T18:32:39
nutcracker,Jun 26,1510,20000,G2,2026-09-21T18:32:39
nutcracker,Jul 26,1130,20000,G2,2026-09-21T18:32:39
embroidery pattern,May 25,2220,20000,G2,2026-09-21T18:32:39
embroidery pattern,Jun 25,1210,20000,G2,2026-09-21T18:32:39
embroidery pattern,Jul 25,10,20000,G2,2026-09-21T18:32:39
embroidery pattern,Aug 25,6920,20000,G2,2026-09-21T18:32:39
embroidery pattern,Sep 25,4720,20000,G2,2026-09-21T18:32:39
embroidery pattern,Oct 25,2720,20000,G2,2026-09-21T18:32:39
embroidery pattern,Nov 25,1210,20000,G2,2026-09-21T18:32:39
embroidery pattern,Dec 25,2210,20000,G2,2026-09-21T18:32:39
embroidery pattern,Jan 26,2360,20000,G2,2026-09-21T18:32:39
embroidery pattern,Feb 26,2270,20000,G2,2026-09-21T18:32:39
embroidery pattern,Mar 26,2520,20000,G2,2026-09-21T18:32:39
embroidery pattern,Apr 26,2330,20000,G2,2026-09-21T18:32:39
embroidery pattern,May 26,2210,20000,G2,2026-09-21T18:32:39
embroidery pattern,Jun 26,1180,20000,G2,2026-09-21T18:32:39
embroidery pattern,Jul 26,10,20000,G2,2026-09-21T18:32:39
christmas wall art,May 25,1190,20000,G2,2026-09-21T18:32:39
christmas wall art,Jun 25,1200,20000,G2,2026-09-21T18:32:39
christmas wall art,Jul 25,1200,20000,G2,2026-09-21T18:32:39
christmas wall art,Aug 25,3510,20000,G2,2026-09-21T18:32:39
christmas wall art,Sep 25,1200,20000,G2,2026-09-21T18:32:39
christmas wall art,Oct 25,9770,20000,G2,2026-09-21T18:32:39
christmas wall art,Nov 25,2520,20000,G2,2026-09-21T18:32:39
christmas wall art,Dec 25,1200,20000,G2,2026-09-21T18:32:39
christmas wall art,Jan 26,10,20000,G2,2026-09-21T18:32:39
christmas wall art,Feb 26,10,20000,G2,2026-09-21T18:32:39
christmas wall art,Mar 26,10,20000,G2,2026-09-21T18:32:39
christmas wall art,Apr 26,10,20000,G2,2026-09-21T18:32:39
christmas wall art,May 26,2560,20000,G2,2026-09-21T18:32:39
christmas wall art,Jun 26,4370,20000,G2,2026-09-21T18:32:39
christmas wall art,Jul 26,2410,20000,G2,2026-09-21T18:32:39
gingerbread ornament,May 25,10,20000,G2,2026-09-21T18:32:39
gingerbread ornament,Jun 25,120,20000,G2,2026-09-21T18:32:39
gingerbread ornament,Jul 25,0,20000,G2,2026-09-21T18:32:39
gingerbread ornament,Aug 25,17080,20000,G2,2026-09-21T18:32:39
gingerbread ornament,Sep 25,4120,20000,G2,2026-09-21T18:32:39
gingerbread ornament,Oct 25,3630,20000,G2,2026-09-21T18:32:39
gingerbread ornament,Nov 25,1150,20000,G2,2026-09-21T18:32:39
gingerbread ornament,Dec 25,10,20000,G2,2026-09-21T18:32:39
gingerbread ornament,Jan 26,0,20000,G2,2026-09-21T18:32:39
gingerbread ornament,Feb 26,0,20000,G2,2026-09-21T18:32:39
gingerbread ornament,Mar 26,0,20000,G2,2026-09-21T18:32:39
gingerbread ornament,Apr 26,10,20000,G2,2026-09-21T18:32:39
gingerbread ornament,May 26,0,20000,G2,2026-09-21T18:32:39
gingerbread ornament,Jun 26,10,20000,G2,2026-09-21T18:32:39
gingerbread ornament,Jul 26,0,20000,G2,2026-09-21T18:32:39
bedroom wall art,May 25,1200,20000,G2,2026-09-21T18:32:39
bedroom wall art,Jun 25,1200,20000,G2,2026-09-21T18:32:39
bedroom wall art,Jul 25,1200,20000,G2,2026-09-21T18:32:39
bedroom wall art,Aug 25,6060,20000,G2,2026-09-21T18:32:39
bedroom wall art,Sep 25,1260,20000,G2,2026-09-21T18:32:39
bedroom wall art,Oct 25,1210,20000,G2,2026-09-21T18:32:39
bedroom wall art,Nov 25,1260,20000,G2,2026-09-21T18:32:39
bedroom wall art,Dec 25,1210,20000,G2,2026-09-21T18:32:39
bedroom wall art,Jan 26,2710,20000,G2,2026-09-21T18:32:39
bedroom wall art,Feb 26,1210,20000,G2,2026-09-21T18:32:39
bedroom wall art,Mar 26,1200,20000,G2,2026-09-21T18:32:39
bedroom wall art,Apr 26,2240,20000,G2,2026-09-21T18:32:39
bedroom wall art,May 26,2670,20000,G2,2026-09-21T18:32:39
bedroom wall art,Jun 26,1200,20000,G2,2026-09-21T18:32:39
bedroom wall art,Jul 26,1200,20000,G2,2026-09-21T18:32:39
family ornament,May 25,10,20000,G2,2026-09-21T18:32:39
family ornament,Jun 25,2540,20000,G2,2026-09-21T18:32:39
family ornament,Jul 25,210,20000,G2,2026-09-21T18:32:39
family ornament,Aug 25,3520,20000,G2,2026-09-21T18:32:39
family ornament,Sep 25,4730,20000,G2,2026-09-21T18:32:39
family ornament,Oct 25,5760,20000,G2,2026-09-21T18:32:39
family ornament,Nov 25,5720,20000,G2,2026-09-21T18:32:39
family ornament,Dec 25,10,20000,G2,2026-09-21T18:32:39
family ornament,Jan 26,10,20000,G2,2026-09-21T18:32:39
family ornament,Feb 26,510,20000,G2,2026-09-21T18:32:39
family ornament,Mar 26,10,20000,G2,2026-09-21T18:32:39
family ornament,Apr 26,10,20000,G2,2026-09-21T18:32:39
family ornament,May 26,60,20000,G2,2026-09-21T18:32:39
family ornament,Jun 26,60,20000,G2,2026-09-21T18:32:39
family ornament,Jul 26,10,20000,G2,2026-09-21T18:32:39
boho wall decor,May 25,4720,20000,G2,2026-09-21T18:32:39
boho wall decor,Jun 25,3650,20000,G2,2026-09-21T18:32:39
boho wall decor,Jul 25,10,20000,G2,2026-09-21T18:32:39
boho wall decor,Aug 25,5800,20000,G2,2026-09-21T18:32:39
boho wall decor,Sep 25,1200,20000,G2,2026-09-21T18:32:39
boho wall decor,Oct 25,1200,20000,G2,2026-09-21T18:32:39
boho wall decor,Nov 25,1190,20000,G2,2026-09-21T18:32:39
boho wall decor,Dec 25,1200,20000,G2,2026-09-21T18:32:39
boho wall decor,Jan 26,1200,20000,G2,2026-09-21T18:32:39
boho wall decor,Feb 26,1200,20000,G2,2026-09-21T18:32:39
boho wall decor,Mar 26,1200,20000,G2,2026-09-21T18:32:39
boho wall decor,Apr 26,1150,20000,G2,2026-09-21T18:32:39
boho wall decor,May 26,1200,20000,G2,2026-09-21T18:32:39
boho wall decor,Jun 26,1260,20000,G2,2026-09-21T18:32:39
boho wall decor,Jul 26,1200,20000,G2,2026-09-21T18:32:39
christmas embroidery designs,May 25,10,20000,G2,2026-09-21T18:32:39
christmas embroidery designs,Jun 25,130,20000,G2,2026-09-21T18:32:39
christmas embroidery designs,Jul 25,1310,20000,G2,2026-09-21T18:32:39
christmas embroidery designs,Aug 25,9080,20000,G2,2026-09-21T18:32:39
christmas embroidery designs,Sep 25,1200,20000,G2,2026-09-21T18:32:39
christmas embroidery designs,Oct 25,3220,20000,G2,2026-09-21T18:32:39
christmas embroidery designs,Nov 25,1510,20000,G2,2026-09-21T18:32:39
christmas embroidery designs,Dec 25,10,20000,G2,2026-09-21T18:32:39
christmas embroidery designs,Jan 26,10,20000,G2,2026-09-21T18:32:39
christmas embroidery designs,Feb 26,10,20000,G2,2026-09-21T18:32:39
christmas embroidery designs,Mar 26,10,20000,G2,2026-09-21T18:32:39
christmas embroidery designs,Apr 26,1060,20000,G2,2026-09-21T18:32:39
christmas embroidery designs,May 26,10,20000,G2,2026-09-21T18:32:39
christmas embroidery designs,Jun 26,1170,20000,G2,2026-09-21T18:32:39
christmas embroidery designs,Jul 26,1200,20000,G2,2026-09-21T18:32:39
punch needle kit,May 25,1710,20000,G2,2026-09-21T18:32:39
punch needle kit,Jun 25,1710,20000,G2,2026-09-21T18:32:39
punch needle kit,Jul 25,1710,20000,G2,2026-09-21T18:32:39
punch needle kit,Aug 25,1200,20000,G2,2026-09-21T18:32:39
punch needle kit,Sep 25,1200,20000,G2,2026-09-21T18:32:39
punch needle kit,Oct 25,1710,20000,G2,2026-09-21T18:32:39
punch needle kit,Nov 25,1320,20000,G2,2026-09-21T18:32:39
punch needle kit,Dec 25,1200,20000,G2,2026-09-21T18:32:39
punch needle kit,Jan 26,1200,20000,G2,2026-09-21T18:32:39
punch needle kit,Feb 26,1210,20000,G2,2026-09-21T18:32:39
punch needle kit,Mar 26,1210,20000,G2,2026-09-21T18:32:39
punch needle kit,Apr 26,1310,20000,G2,2026-09-21T18:32:39
punch needle kit,May 26,1170,20000,G2,2026-09-21T18:32:39
punch needle kit,Jun 26,1200,20000,G2,2026-09-21T18:32:39
punch needle kit,Jul 26,1210,20000,G2,2026-09-21T18:32:39
christmas village,May 25,10,20000,G2,2026-09-21T18:32:39
christmas village,Jun 25,10,20000,G2,2026-09-21T18:32:39
christmas village,Jul 25,10,20000,G2,2026-09-21T18:32:39
christmas village,Aug 25,4690,20000,G2,2026-09-21T18:32:39
christmas village,Sep 25,2360,20000,G2,2026-09-21T18:32:39
christmas village,Oct 25,3720,20000,G2,2026-09-21T18:32:39
christmas village,Nov 25,3540,20000,G2,2026-09-21T18:32:39
christmas village,Dec 25,110,20000,G2,2026-09-21T18:32:39
christmas village,Jan 26,10,20000,G2,2026-09-21T18:32:39
christmas village,Feb 26,10,20000,G2,2026-09-21T18:32:39
christmas village,Mar 26,210,20000,G2,2026-09-21T18:32:39
christmas village,Apr 26,10,20000,G2,2026-09-21T18:32:39
christmas village,May 26,10,20000,G2,2026-09-21T18:32:39
christmas village,Jun 26,10,20000,G2,2026-09-21T18:32:39
christmas village,Jul 26,10,20000,G2,2026-09-21T18:32:39
pet ornament,May 25,10,20000,G2,2026-09-21T18:32:39
pet ornament,Jun 25,10,20000,G2,2026-09-21T18:32:39
pet ornament,Jul 25,1160,20000,G2,2026-09-21T18:32:39
pet ornament,Aug 25,950,20000,G2,2026-09-21T18:32:39
pet ornament,Sep 25,1200,20000,G2,2026-09-21T18:32:39
pet ornament,Oct 25,6720,20000,G2,2026-09-21T18:32:39
pet ornament,Nov 25,2620,20000,G2,2026-09-21T18:32:39
pet ornament,Dec 25,1160,20000,G2,2026-09-21T18:32:39
pet ornament,Jan 26,160,20000,G2,2026-09-21T18:32:39
pet ornament,Feb 26,10,20000,G2,2026-09-21T18:32:39
pet ornament,Mar 26,10,20000,G2,2026-09-21T18:32:39
pet ornament,Apr 26,10,20000,G2,2026-09-21T18:32:39
pet ornament,May 26,260,20000,G2,2026-09-21T18:32:39
pet ornament,Jun 26,10,20000,G2,2026-09-21T18:32:39
pet ornament,Jul 26,1200,20000,G2,2026-09-21T18:32:39
photo ornament,May 25,1110,20000,G2,2026-09-21T18:32:39
photo ornament,Jun 25,10,20000,G2,2026-09-21T18:32:39
photo ornament,Jul 25,10,20000,G2,2026-09-21T18:32:39
photo ornament,Aug 25,5060,20000,G2,2026-09-21T18:32:39
photo ornament,Sep 25,1200,20000,G2,2026-09-21T18:32:39
photo ornament,Oct 25,4710,20000,G2,2026-09-21T18:32:39
photo ornament,Nov 25,2710,20000,G2,2026-09-21T18:32:39
photo ornament,Dec 25,110,20000,G2,2026-09-21T18:32:39
photo ornament,Jan 26,10,20000,G2,2026-09-21T18:32:39
photo ornament,Feb 26,0,20000,G2,2026-09-21T18:32:39
photo ornament,Mar 26,10,20000,G2,2026-09-21T18:32:39
photo ornament,Apr 26,10,20000,G2,2026-09-21T18:32:39
photo ornament,May 26,0,20000,G2,2026-09-21T18:32:39
photo ornament,Jun 26,110,20000,G2,2026-09-21T18:32:39
photo ornament,Jul 26,160,20000,G2,2026-09-21T18:32:39
stick and stitch,May 25,1410,20000,G2,2026-09-21T18:32:39
stick and stitch,Jun 25,1200,20000,G2,2026-09-21T18:32:39
stick and stitch,Jul 25,2550,20000,G2,2026-09-21T18:32:39
stick and stitch,Aug 25,4180,20000,G2,2026-09-21T18:32:39
stick and stitch,Sep 25,1200,20000,G2,2026-09-21T18:32:39
stick and stitch,Oct 25,1200,20000,G2,2026-09-21T18:32:39
stick and stitch,Nov 25,1370,20000,G2,2026-09-21T18:32:39
stick and stitch,Dec 25,1200,20000,G2,2026-09-21T18:32:39
stick and stitch,Jan 26,10,20000,G2,2026-09-21T18:32:39
stick and stitch,Feb 26,10,20000,G2,2026-09-21T18:32:39
stick and stitch,Mar 26,1190,20000,G2,2026-09-21T18:32:39
stick and stitch,Apr 26,1260,20000,G2,2026-09-21T18:32:39
stick and stitch,May 26,60,20000,G2,2026-09-21T18:32:39
stick and stitch,Jun 26,1130,20000,G2,2026-09-21T18:32:39
stick and stitch,Jul 26,1180,20000,G2,2026-09-21T18:32:39
snow globe,May 25,10,20000,G2,2026-09-21T18:32:39
snow globe,Jun 25,10,20000,G2,2026-09-21T18:32:39
snow globe,Jul 25,1010,20000,G2,2026-09-21T18:32:39
snow globe,Aug 25,10,20000,G2,2026-09-21T18:32:39
snow globe,Sep 25,10,20000,G2,2026-09-21T18:32:39
snow globe,Oct 25,4580,20000,G2,2026-09-21T18:32:39
snow globe,Nov 25,5680,20000,G2,2026-09-21T18:32:39
snow globe,Dec 25,0,20000,G2,2026-09-21T18:32:39
snow globe,Jan 26,10,20000,G2,2026-09-21T18:32:39
snow globe,Feb 26,1010,20000,G2,2026-09-21T18:32:39
snow globe,Mar 26,10,20000,G2,2026-09-21T18:32:39
snow globe,Apr 26,0,20000,G2,2026-09-21T18:32:39
snow globe,May 26,0,20000,G2,2026-09-21T18:32:39
snow globe,Jun 26,270,20000,G2,2026-09-21T18:32:39
snow globe,Jul 26,10,20000,G2,2026-09-21T18:32:39
girlfriend gift,May 25,10,20000,G2,2026-09-21T18:32:39
girlfriend gift,Jun 25,1210,20000,G2,2026-09-21T18:32:39
girlfriend gift,Jul 25,10,20000,G2,2026-09-21T18:32:39
girlfriend gift,Aug 25,1130,20000,G2,2026-09-21T18:32:39
girlfriend gift,Sep 25,160,20000,G2,2026-09-21T18:32:39
girlfriend gift,Oct 25,1200,20000,G2,2026-09-21T18:32:39
girlfriend gift,Nov 25,1720,20000,G2,2026-09-21T18:32:39
girlfriend gift,Dec 25,3640,20000,G2,2026-09-21T18:32:39
girlfriend gift,Jan 26,1110,20000,G2,2026-09-21T18:32:39
girlfriend gift,Feb 26,2210,20000,G2,2026-09-21T18:32:39
girlfriend gift,Mar 26,10,20000,G2,2026-09-21T18:32:39
girlfriend gift,Apr 26,10,20000,G2,2026-09-21T18:32:39
girlfriend gift,May 26,10,20000,G2,2026-09-21T18:32:39
girlfriend gift,Jun 26,10,20000,G2,2026-09-21T18:32:39
girlfriend gift,Jul 26,10,20000,G2,2026-09-21T18:32:39
gardening shirt,May 25,10,4000,G3,2026-09-21T18:32:56
gardening shirt,Jun 25,10,4000,G3,2026-09-21T18:32:56
gardening shirt,Jul 25,160,4000,G3,2026-09-21T18:32:56
gardening shirt,Aug 25,80,4000,G3,2026-09-21T18:32:56
gardening shirt,Sep 25,10,4000,G3,2026-09-21T18:32:56
gardening shirt,Oct 25,10,4000,G3,2026-09-21T18:32:56
gardening shirt,Nov 25,1170,4000,G3,2026-09-21T18:32:56
gardening shirt,Dec 25,10,4000,G3,2026-09-21T18:32:56
gardening shirt,Jan 26,10,4000,G3,2026-09-21T18:32:56
gardening shirt,Feb 26,1420,4000,G3,2026-09-21T18:32:56
gardening shirt,Mar 26,1520,4000,G3,2026-09-21T18:32:56
gardening shirt,Apr 26,1210,4000,G3,2026-09-21T18:32:56
gardening shirt,May 26,1200,4000,G3,2026-09-21T18:32:56
gardening shirt,Jun 26,10,4000,G3,2026-09-21T18:32:56
gardening shirt,Jul 26,1200,4000,G3,2026-09-21T18:32:56
stress relief,May 25,3370,4000,G3,2026-09-21T18:32:56
stress relief,Jun 25,60,4000,G3,2026-09-21T18:32:56
stress relief,Jul 25,10,4000,G3,2026-09-21T18:32:56
stress relief,Aug 25,1130,4000,G3,2026-09-21T18:32:56
stress relief,Sep 25,1110,4000,G3,2026-09-21T18:32:56
stress relief,Oct 25,1170,4000,G3,2026-09-21T18:32:56
stress relief,Nov 25,2200,4000,G3,2026-09-21T18:32:56
stress relief,Dec 25,10,4000,G3,2026-09-21T18:32:56
stress relief,Jan 26,10,4000,G3,2026-09-21T18:32:56
stress relief,Feb 26,10,4000,G3,2026-09-21T18:32:56
stress relief,Mar 26,2020,4000,G3,2026-09-21T18:32:56
stress relief,Apr 26,10,4000,G3,2026-09-21T18:32:56
stress relief,May 26,10,4000,G3,2026-09-21T18:32:56
stress relief,Jun 26,0,4000,G3,2026-09-21T18:32:56
stress relief,Jul 26,10,4000,G3,2026-09-21T18:32:56
christmas embroidery,May 25,510,4000,G3,2026-09-21T18:32:56
christmas embroidery,Jun 25,2330,4000,G3,2026-09-21T18:32:56
christmas embroidery,Jul 25,70,4000,G3,2026-09-21T18:32:56
christmas embroidery,Aug 25,1190,4000,G3,2026-09-21T18:32:56
christmas embroidery,Sep 25,2480,4000,G3,2026-09-21T18:32:56
christmas embroidery,Oct 25,2410,4000,G3,2026-09-21T18:32:56
christmas embroidery,Nov 25,1220,4000,G3,2026-09-21T18:32:56
christmas embroidery,Dec 25,60,4000,G3,2026-09-21T18:32:56
christmas embroidery,Jan 26,0,4000,G3,2026-09-21T18:32:56
christmas embroidery,Feb 26,0,4000,G3,2026-09-21T18:32:56
christmas embroidery,Mar 26,10,4000,G3,2026-09-21T18:32:56
christmas embroidery,Apr 26,10,4000,G3,2026-09-21T18:32:56
christmas embroidery,May 26,10,4000,G3,2026-09-21T18:32:56
christmas embroidery,Jun 26,10,4000,G3,2026-09-21T18:32:56
christmas embroidery,Jul 26,10,4000,G3,2026-09-21T18:32:56
hand embroidery,May 25,10,4000,G3,2026-09-21T18:32:56
hand embroidery,Jun 25,10,4000,G3,2026-09-21T18:32:56
hand embroidery,Jul 25,0,4000,G3,2026-09-21T18:32:56
hand embroidery,Aug 25,4000,4000,G3,2026-09-21T18:32:56
hand embroidery,Sep 25,160,4000,G3,2026-09-21T18:32:56
hand embroidery,Oct 25,10,4000,G3,2026-09-21T18:32:56
hand embroidery,Nov 25,10,4000,G3,2026-09-21T18:32:56
hand embroidery,Dec 25,1130,4000,G3,2026-09-21T18:32:56
hand embroidery,Jan 26,1150,4000,G3,2026-09-21T18:32:56
hand embroidery,Feb 26,10,4000,G3,2026-09-21T18:32:56
hand embroidery,Mar 26,10,4000,G3,2026-09-21T18:32:56
hand embroidery,Apr 26,10,4000,G3,2026-09-21T18:32:56
hand embroidery,May 26,60,4000,G3,2026-09-21T18:32:56
hand embroidery,Jun 26,210,4000,G3,2026-09-21T18:32:56
hand embroidery,Jul 26,10,4000,G3,2026-09-21T18:32:56
retro christmas,May 25,10,4000,G3,2026-09-21T18:32:56
retro christmas,Jun 25,510,4000,G3,2026-09-21T18:32:56
retro christmas,Jul 25,0,4000,G3,2026-09-21T18:32:56
retro christmas,Aug 25,1200,4000,G3,2026-09-21T18:32:56
retro christmas,Sep 25,1200,4000,G3,2026-09-21T18:32:56
retro christmas,Oct 25,2310,4000,G3,2026-09-21T18:32:56
retro christmas,Nov 25,1200,4000,G3,2026-09-21T18:32:56
retro christmas,Dec 25,10,4000,G3,2026-09-21T18:32:56
retro christmas,Jan 26,10,4000,G3,2026-09-21T18:32:56
retro christmas,Feb 26,10,4000,G3,2026-09-21T18:32:56
retro christmas,Mar 26,60,4000,G3,2026-09-21T18:32:56
retro christmas,Apr 26,0,4000,G3,2026-09-21T18:32:56
retro christmas,May 26,0,4000,G3,2026-09-21T18:32:56
retro christmas,Jun 26,10,4000,G3,2026-09-21T18:32:56
retro christmas,Jul 26,10,4000,G3,2026-09-21T18:32:56
ultrasound ornament,May 25,0,4000,G3,2026-09-21T18:32:56
ultrasound ornament,Jun 25,0,4000,G3,2026-09-21T18:32:56
ultrasound ornament,Jul 25,0,4000,G3,2026-09-21T18:32:56
ultrasound ornament,Aug 25,10,4000,G3,2026-09-21T18:32:56
ultrasound ornament,Sep 25,1200,4000,G3,2026-09-21T18:32:56
ultrasound ornament,Oct 25,1710,4000,G3,2026-09-21T18:32:56
ultrasound ornament,Nov 25,2710,4000,G3,2026-09-21T18:32:56
ultrasound ornament,Dec 25,0,4000,G3,2026-09-21T18:32:56
ultrasound ornament,Jan 26,0,4000,G3,2026-09-21T18:32:56
ultrasound ornament,Feb 26,420,4000,G3,2026-09-21T18:32:56
ultrasound ornament,Mar 26,0,4000,G3,2026-09-21T18:32:56
ultrasound ornament,Apr 26,0,4000,G3,2026-09-21T18:32:56
ultrasound ornament,May 26,0,4000,G3,2026-09-21T18:32:56
ultrasound ornament,Jun 26,0,4000,G3,2026-09-21T18:32:56
ultrasound ornament,Jul 26,10,4000,G3,2026-09-21T18:32:56
instant download,May 25,10,4000,G3,2026-09-21T18:32:56
instant download,Jun 25,2220,4000,G3,2026-09-21T18:32:56
instant download,Jul 25,10,4000,G3,2026-09-21T18:32:56
instant download,Aug 25,10,4000,G3,2026-09-21T18:32:56
instant download,Sep 25,10,4000,G3,2026-09-21T18:32:56
instant download,Oct 25,3530,4000,G3,2026-09-21T18:32:56
instant download,Nov 25,1510,4000,G3,2026-09-21T18:32:56
instant download,Dec 25,10,4000,G3,2026-09-21T18:32:56
instant download,Jan 26,110,4000,G3,2026-09-21T18:32:56
instant download,Feb 26,60,4000,G3,2026-09-21T18:32:56
instant download,Mar 26,10,4000,G3,2026-09-21T18:32:56
instant download,Apr 26,10,4000,G3,2026-09-21T18:32:56
instant download,May 26,10,4000,G3,2026-09-21T18:32:56
instant download,Jun 26,10,4000,G3,2026-09-21T18:32:56
instant download,Jul 26,0,4000,G3,2026-09-21T18:32:56
snowman decor,May 25,10,4000,G3,2026-09-21T18:32:56
snowman decor,Jun 25,0,4000,G3,2026-09-21T18:32:56
snowman decor,Jul 25,0,4000,G3,2026-09-21T18:32:56
snowman decor,Aug 25,10,4000,G3,2026-09-21T18:32:56
snowman decor,Sep 25,10,4000,G3,2026-09-21T18:32:56
snowman decor,Oct 25,1200,4000,G3,2026-09-21T18:32:56
snowman decor,Nov 25,1200,4000,G3,2026-09-21T18:32:56
snowman decor,Dec 25,1200,4000,G3,2026-09-21T18:32:56
snowman decor,Jan 26,10,4000,G3,2026-09-21T18:32:56
snowman decor,Feb 26,10,4000,G3,2026-09-21T18:32:56
snowman decor,Mar 26,0,4000,G3,2026-09-21T18:32:56
snowman decor,Apr 26,10,4000,G3,2026-09-21T18:32:56
snowman decor,May 26,0,4000,G3,2026-09-21T18:32:56
snowman decor,Jun 26,10,4000,G3,2026-09-21T18:32:56
snowman decor,Jul 26,1270,4000,G3,2026-09-21T18:32:56
funny candle,May 25,10,4000,G3,2026-09-21T18:32:56
funny candle,Jun 25,0,4000,G3,2026-09-21T18:32:56
funny candle,Jul 25,10,4000,G3,2026-09-21T18:32:56
funny candle,Aug 25,10,4000,G3,2026-09-21T18:32:56
funny candle,Sep 25,510,4000,G3,2026-09-21T18:32:56
funny candle,Oct 25,1200,4000,G3,2026-09-21T18:32:56
funny candle,Nov 25,1730,4000,G3,2026-09-21T18:32:56
funny candle,Dec 25,1210,4000,G3,2026-09-21T18:32:56
funny candle,Jan 26,10,4000,G3,2026-09-21T18:32:56
funny candle,Feb 26,10,4000,G3,2026-09-21T18:32:56
funny candle,Mar 26,10,4000,G3,2026-09-21T18:32:56
funny candle,Apr 26,10,4000,G3,2026-09-21T18:32:56
funny candle,May 26,120,4000,G3,2026-09-21T18:32:56
funny candle,Jun 26,10,4000,G3,2026-09-21T18:32:56
funny candle,Jul 26,10,4000,G3,2026-09-21T18:32:56
poinsettia,May 25,160,4000,G3,2026-09-21T18:32:56
poinsettia,Jun 25,0,4000,G3,2026-09-21T18:32:56
poinsettia,Jul 25,0,4000,G3,2026-09-21T18:32:56
poinsettia,Aug 25,0,4000,G3,2026-09-21T18:32:56
poinsettia,Sep 25,1140,4000,G3,2026-09-21T18:32:56
poinsettia,Oct 25,1170,4000,G3,2026-09-21T18:32:56
poinsettia,Nov 25,1510,4000,G3,2026-09-21T18:32:56
poinsettia,Dec 25,10,4000,G3,2026-09-21T18:32:56
poinsettia,Jan 26,0,4000,G3,2026-09-21T18:32:56
poinsettia,Feb 26,10,4000,G3,2026-09-21T18:32:56
poinsettia,Mar 26,0,4000,G3,2026-09-21T18:32:56
poinsettia,Apr 26,0,4000,G3,2026-09-21T18:32:56
poinsettia,May 26,0,4000,G3,2026-09-21T18:32:56
poinsettia,Jun 26,0,4000,G3,2026-09-21T18:32:56
poinsettia,Jul 26,160,4000,G3,2026-09-21T18:32:56
christmas gift set,May 25,0,4000,G3,2026-09-21T18:32:56
christmas gift set,Jun 25,60,4000,G3,2026-09-21T18:32:56
christmas gift set,Jul 25,0,4000,G3,2026-09-21T18:32:56
christmas gift set,Aug 25,10,4000,G3,2026-09-21T18:32:56
christmas gift set,Sep 25,10,4000,G3,2026-09-21T18:32:56
christmas gift set,Oct 25,1440,4000,G3,2026-09-21T18:32:56
christmas gift set,Nov 25,2220,4000,G3,2026-09-21T18:32:56
christmas gift set,Dec 25,0,4000,G3,2026-09-21T18:32:56
christmas gift set,Jan 26,0,4000,G3,2026-09-21T18:32:56
christmas gift set,Feb 26,270,4000,G3,2026-09-21T18:32:56
christmas gift set,Mar 26,0,4000,G3,2026-09-21T18:32:56
christmas gift set,Apr 26,10,4000,G3,2026-09-21T18:32:56
christmas gift set,May 26,0,4000,G3,2026-09-21T18:32:56
christmas gift set,Jun 26,0,4000,G3,2026-09-21T18:32:56
christmas gift set,Jul 26,0,4000,G3,2026-09-21T18:32:56
christmas bundle,May 25,210,4000,G3,2026-09-21T18:32:56
christmas bundle,Jun 25,10,4000,G3,2026-09-21T18:32:56
christmas bundle,Jul 25,1260,4000,G3,2026-09-21T18:32:56
christmas bundle,Aug 25,220,4000,G3,2026-09-21T18:32:56
christmas bundle,Sep 25,510,4000,G3,2026-09-21T18:32:56
christmas bundle,Oct 25,1190,4000,G3,2026-09-21T18:32:56
christmas bundle,Nov 25,1640,4000,G3,2026-09-21T18:32:56
christmas bundle,Dec 25,0,4000,G3,2026-09-21T18:32:56
christmas bundle,Jan 26,0,4000,G3,2026-09-21T18:32:56
christmas bundle,Feb 26,10,4000,G3,2026-09-21T18:32:56
christmas bundle,Mar 26,0,4000,G3,2026-09-21T18:32:56
christmas bundle,Apr 26,0,4000,G3,2026-09-21T18:32:56
christmas bundle,May 26,0,4000,G3,2026-09-21T18:32:56
christmas bundle,Jun 26,0,4000,G3,2026-09-21T18:32:56
christmas bundle,Jul 26,10,4000,G3,2026-09-21T18:32:56
thanksgiving craft,May 25,0,4000,G3,2026-09-21T18:32:56
thanksgiving craft,Jun 25,0,4000,G3,2026-09-21T18:32:56
thanksgiving craft,Jul 25,10,4000,G3,2026-09-21T18:32:56
thanksgiving craft,Aug 25,10,4000,G3,2026-09-21T18:32:56
thanksgiving craft,Sep 25,1200,4000,G3,2026-09-21T18:32:56
thanksgiving craft,Oct 25,1560,4000,G3,2026-09-21T18:32:56
thanksgiving craft,Nov 25,0,4000,G3,2026-09-21T18:32:56
thanksgiving craft,Dec 25,0,4000,G3,2026-09-21T18:32:56
thanksgiving craft,Jan 26,0,4000,G3,2026-09-21T18:32:56
thanksgiving craft,Feb 26,10,4000,G3,2026-09-21T18:32:56
thanksgiving craft,Mar 26,0,4000,G3,2026-09-21T18:32:56
thanksgiving craft,Apr 26,0,4000,G3,2026-09-21T18:32:56
thanksgiving craft,May 26,0,4000,G3,2026-09-21T18:32:56
thanksgiving craft,Jun 26,0,4000,G3,2026-09-21T18:32:56
thanksgiving craft,Jul 26,0,4000,G3,2026-09-21T18:32:56
custom family gift,May 25,10,4000,G3,2026-09-21T18:32:56
custom family gift,Jun 25,10,4000,G3,2026-09-21T18:32:56
custom family gift,Jul 25,10,4000,G3,2026-09-21T18:32:56
custom family gift,Aug 25,10,4000,G3,2026-09-21T18:32:56
custom family gift,Sep 25,10,4000,G3,2026-09-21T18:32:56
custom family gift,Oct 25,1200,4000,G3,2026-09-21T18:32:56
custom family gift,Nov 25,1200,4000,G3,2026-09-21T18:32:56
custom family gift,Dec 25,10,4000,G3,2026-09-21T18:32:56
custom family gift,Jan 26,10,4000,G3,2026-09-21T18:32:56
custom family gift,Feb 26,0,4000,G3,2026-09-21T18:32:56
custom family gift,Mar 26,10,4000,G3,2026-09-21T18:32:56
custom family gift,Apr 26,0,4000,G3,2026-09-21T18:32:56
custom family gift,May 26,10,4000,G3,2026-09-21T18:32:56
custom family gift,Jun 26,110,4000,G3,2026-09-21T18:32:56
custom family gift,Jul 26,0,4000,G3,2026-09-21T18:32:56
digital pattern,May 25,10,4000,G3,2026-09-21T18:32:56
digital pattern,Jun 25,10,4000,G3,2026-09-21T18:32:56
digital pattern,Jul 25,0,4000,G3,2026-09-21T18:32:56
digital pattern,Aug 25,10,4000,G3,2026-09-21T18:32:56
digital pattern,Sep 25,10,4000,G3,2026-09-21T18:32:56
digital pattern,Oct 25,10,4000,G3,2026-09-21T18:32:56
digital pattern,Nov 25,510,4000,G3,2026-09-21T18:32:56
digital pattern,Dec 25,80,4000,G3,2026-09-21T18:32:56
digital pattern,Jan 26,10,4000,G3,2026-09-21T18:32:56
digital pattern,Feb 26,470,4000,G3,2026-09-21T18:32:56
digital pattern,Mar 26,1420,4000,G3,2026-09-21T18:32:56
digital pattern,Apr 26,10,4000,G3,2026-09-21T18:32:56
digital pattern,May 26,0,4000,G3,2026-09-21T18:32:56
digital pattern,Jun 26,0,4000,G3,2026-09-21T18:32:56
digital pattern,Jul 26,0,4000,G3,2026-09-21T18:32:56
candy cane,May 25,60,4000,G3,2026-09-21T18:32:56
candy cane,Jun 25,10,4000,G3,2026-09-21T18:32:56
candy cane,Jul 25,0,4000,G3,2026-09-21T18:32:56
candy cane,Aug 25,10,4000,G3,2026-09-21T18:32:56
candy cane,Sep 25,10,4000,G3,2026-09-21T18:32:56
candy cane,Oct 25,1160,4000,G3,2026-09-21T18:32:56
candy cane,Nov 25,1160,4000,G3,2026-09-21T18:32:56
candy cane,Dec 25,0,4000,G3,2026-09-21T18:32:56
candy cane,Jan 26,10,4000,G3,2026-09-21T18:32:56
candy cane,Feb 26,10,4000,G3,2026-09-21T18:32:56
candy cane,Mar 26,0,4000,G3,2026-09-21T18:32:56
candy cane,Apr 26,0,4000,G3,2026-09-21T18:32:56
candy cane,May 26,10,4000,G3,2026-09-21T18:32:56
candy cane,Jun 26,10,4000,G3,2026-09-21T18:32:56
candy cane,Jul 26,0,4000,G3,2026-09-21T18:32:56
embroidery hoop,May 25,1160,4000,G3,2026-09-21T18:32:56
embroidery hoop,Jun 25,0,4000,G3,2026-09-21T18:32:56
embroidery hoop,Jul 25,10,4000,G3,2026-09-21T18:32:56
embroidery hoop,Aug 25,10,4000,G3,2026-09-21T18:32:56
embroidery hoop,Sep 25,0,4000,G3,2026-09-21T18:32:56
embroidery hoop,Oct 25,10,4000,G3,2026-09-21T18:32:56
embroidery hoop,Nov 25,10,4000,G3,2026-09-21T18:32:56
embroidery hoop,Dec 25,10,4000,G3,2026-09-21T18:32:56
embroidery hoop,Jan 26,10,4000,G3,2026-09-21T18:32:56
embroidery hoop,Feb 26,10,4000,G3,2026-09-21T18:32:56
embroidery hoop,Mar 26,1530,4000,G3,2026-09-21T18:32:56
embroidery hoop,Apr 26,520,4000,G3,2026-09-21T18:32:56
embroidery hoop,May 26,220,4000,G3,2026-09-21T18:32:56
embroidery hoop,Jun 26,10,4000,G3,2026-09-21T18:32:56
embroidery hoop,Jul 26,10,4000,G3,2026-09-21T18:32:56
nutcracker gift,May 25,0,4000,G3,2026-09-21T18:32:56
nutcracker gift,Jun 25,160,4000,G3,2026-09-21T18:32:56
nutcracker gift,Jul 25,0,4000,G3,2026-09-21T18:32:56
nutcracker gift,Aug 25,1020,4000,G3,2026-09-21T18:32:56
nutcracker gift,Sep 25,10,4000,G3,2026-09-21T18:32:56
nutcracker gift,Oct 25,1200,4000,G3,2026-09-21T18:32:56
nutcracker gift,Nov 25,10,4000,G3,2026-09-21T18:32:56
nutcracker gift,Dec 25,0,4000,G3,2026-09-21T18:32:56
nutcracker gift,Jan 26,0,4000,G3,2026-09-21T18:32:56
nutcracker gift,Feb 26,0,4000,G3,2026-09-21T18:32:56
nutcracker gift,Mar 26,0,4000,G3,2026-09-21T18:32:56
nutcracker gift,Apr 26,0,4000,G3,2026-09-21T18:32:56
nutcracker gift,May 26,0,4000,G3,2026-09-21T18:32:56
nutcracker gift,Jun 26,0,4000,G3,2026-09-21T18:32:56
nutcracker gift,Jul 26,10,4000,G3,2026-09-21T18:32:56
pinback button,May 25,10,4000,G3,2026-09-21T18:32:56
pinback button,Jun 25,10,4000,G3,2026-09-21T18:32:56
pinback button,Jul 25,10,4000,G3,2026-09-21T18:32:56
pinback button,Aug 25,10,4000,G3,2026-09-21T18:32:56
pinback button,Sep 25,10,4000,G3,2026-09-21T18:32:56
pinback button,Oct 25,10,4000,G3,2026-09-21T18:32:56
pinback button,Nov 25,10,4000,G3,2026-09-21T18:32:56
pinback button,Dec 25,1160,4000,G3,2026-09-21T18:32:56
pinback button,Jan 26,10,4000,G3,2026-09-21T18:32:56
pinback button,Feb 26,270,4000,G3,2026-09-21T18:32:56
pinback button,Mar 26,70,4000,G3,2026-09-21T18:32:56
pinback button,Apr 26,60,4000,G3,2026-09-21T18:32:56
pinback button,May 26,110,4000,G3,2026-09-21T18:32:56
pinback button,Jun 26,10,4000,G3,2026-09-21T18:32:56
pinback button,Jul 26,0,4000,G3,2026-09-21T18:32:56
engraved ornament,May 25,0,4000,G3,2026-09-21T18:32:56
engraved ornament,Jun 25,10,4000,G3,2026-09-21T18:32:56
engraved ornament,Jul 25,10,4000,G3,2026-09-21T18:32:56
engraved ornament,Aug 25,0,4000,G3,2026-09-21T18:32:56
engraved ornament,Sep 25,10,4000,G3,2026-09-21T18:32:56
engraved ornament,Oct 25,1140,4000,G3,2026-09-21T18:32:56
engraved ornament,Nov 25,320,4000,G3,2026-09-21T18:32:56
engraved ornament,Dec 25,0,4000,G3,2026-09-21T18:32:56
engraved ornament,Jan 26,0,4000,G3,2026-09-21T18:32:56
engraved ornament,Feb 26,10,4000,G3,2026-09-21T18:32:56
engraved ornament,Mar 26,0,4000,G3,2026-09-21T18:32:56
engraved ornament,Apr 26,10,4000,G3,2026-09-21T18:32:56
engraved ornament,May 26,10,4000,G3,2026-09-21T18:32:56
engraved ornament,Jun 26,10,4000,G3,2026-09-21T18:32:56
engraved ornament,Jul 26,10,4000,G3,2026-09-21T18:32:56
custom snow globe,May 25,10,1500,G4,2026-09-21T18:34:31
custom snow globe,Jun 25,10,1500,G4,2026-09-21T18:34:31
custom snow globe,Jul 25,10,1500,G4,2026-09-21T18:34:31
custom snow globe,Aug 25,10,1500,G4,2026-09-21T18:34:31
custom snow globe,Sep 25,60,1500,G4,2026-09-21T18:34:31
custom snow globe,Oct 25,1130,1500,G4,2026-09-21T18:34:31
custom snow globe,Nov 25,110,1500,G4,2026-09-21T18:34:31
custom snow globe,Dec 25,0,1500,G4,2026-09-21T18:34:31
custom snow globe,Jan 26,10,1500,G4,2026-09-21T18:34:31
custom snow globe,Feb 26,110,1500,G4,2026-09-21T18:34:31
custom snow globe,Mar 26,10,1500,G4,2026-09-21T18:34:31
custom snow globe,Apr 26,60,1500,G4,2026-09-21T18:34:31
custom snow globe,May 26,0,1500,G4,2026-09-21T18:34:31
custom snow globe,Jun 26,10,1500,G4,2026-09-21T18:34:31
custom snow globe,Jul 26,0,1500,G4,2026-09-21T18:34:31
fall embroidery,May 25,10,1500,G4,2026-09-21T18:34:31
fall embroidery,Jun 25,0,1500,G4,2026-09-21T18:34:31
fall embroidery,Jul 25,10,1500,G4,2026-09-21T18:34:31
fall embroidery,Aug 25,1200,1500,G4,2026-09-21T18:34:31
fall embroidery,Sep 25,210,1500,G4,2026-09-21T18:34:31
fall embroidery,Oct 25,10,1500,G4,2026-09-21T18:34:31
fall embroidery,Nov 25,10,1500,G4,2026-09-21T18:34:31
fall embroidery,Dec 25,0,1500,G4,2026-09-21T18:34:31
fall embroidery,Jan 26,0,1500,G4,2026-09-21T18:34:31
fall embroidery,Feb 26,10,1500,G4,2026-09-21T18:34:31
fall embroidery,Mar 26,10,1500,G4,2026-09-21T18:34:31
fall embroidery,Apr 26,10,1500,G4,2026-09-21T18:34:31
fall embroidery,May 26,10,1500,G4,2026-09-21T18:34:31
fall embroidery,Jun 26,10,1500,G4,2026-09-21T18:34:31
fall embroidery,Jul 26,10,1500,G4,2026-09-21T18:34:31
nutcracker decor,May 25,0,1500,G4,2026-09-21T18:34:31
nutcracker decor,Jun 25,10,1500,G4,2026-09-21T18:34:31
nutcracker decor,Jul 25,310,1500,G4,2026-09-21T18:34:31
nutcracker decor,Aug 25,10,1500,G4,2026-09-21T18:34:31
nutcracker decor,Sep 25,10,1500,G4,2026-09-21T18:34:31
nutcracker decor,Oct 25,1310,1500,G4,2026-09-21T18:34:31
nutcracker decor,Nov 25,10,1500,G4,2026-09-21T18:34:31
nutcracker decor,Dec 25,0,1500,G4,2026-09-21T18:34:31
nutcracker decor,Jan 26,110,1500,G4,2026-09-21T18:34:31
nutcracker decor,Feb 26,0,1500,G4,2026-09-21T18:34:31
nutcracker decor,Mar 26,0,1500,G4,2026-09-21T18:34:31
nutcracker decor,Apr 26,0,1500,G4,2026-09-21T18:34:31
nutcracker decor,May 26,10,1500,G4,2026-09-21T18:34:31
nutcracker decor,Jun 26,10,1500,G4,2026-09-21T18:34:31
nutcracker decor,Jul 26,10,1500,G4,2026-09-21T18:34:31
personalized penguin,May 25,0,1500,G4,2026-09-21T18:34:31
personalized penguin,Jun 25,0,1500,G4,2026-09-21T18:34:31
personalized penguin,Jul 25,0,1500,G4,2026-09-21T18:34:31
personalized penguin,Aug 25,0,1500,G4,2026-09-21T18:34:31
personalized penguin,Sep 25,0,1500,G4,2026-09-21T18:34:31
personalized penguin,Oct 25,10,1500,G4,2026-09-21T18:34:31
personalized penguin,Nov 25,1370,1500,G4,2026-09-21T18:34:31
personalized penguin,Dec 25,0,1500,G4,2026-09-21T18:34:31
personalized penguin,Jan 26,0,1500,G4,2026-09-21T18:34:31
personalized penguin,Feb 26,10,1500,G4,2026-09-21T18:34:31
personalized penguin,Mar 26,10,1500,G4,2026-09-21T18:34:31
personalized penguin,Apr 26,0,1500,G4,2026-09-21T18:34:31
personalized penguin,May 26,10,1500,G4,2026-09-21T18:34:31
personalized penguin,Jun 26,0,1500,G4,2026-09-21T18:34:31
personalized penguin,Jul 26,0,1500,G4,2026-09-21T18:34:31
winter wonderland,May 25,0,1500,G4,2026-09-21T18:34:31
winter wonderland,Jun 25,10,1500,G4,2026-09-21T18:34:31
winter wonderland,Jul 25,110,1500,G4,2026-09-21T18:34:31
winter wonderland,Aug 25,10,1500,G4,2026-09-21T18:34:31
winter wonderland,Sep 25,10,1500,G4,2026-09-21T18:34:31
winter wonderland,Oct 25,1200,1500,G4,2026-09-21T18:34:31
winter wonderland,Nov 25,10,1500,G4,2026-09-21T18:34:31
winter wonderland,Dec 25,10,1500,G4,2026-09-21T18:34:31
winter wonderland,Jan 26,10,1500,G4,2026-09-21T18:34:31
winter wonderland,Feb 26,0,1500,G4,2026-09-21T18:34:31
winter wonderland,Mar 26,10,1500,G4,2026-09-21T18:34:31
winter wonderland,Apr 26,0,1500,G4,2026-09-21T18:34:31
winter wonderland,May 26,10,1500,G4,2026-09-21T18:34:31
winter wonderland,Jun 26,10,1500,G4,2026-09-21T18:34:31
winter wonderland,Jul 26,10,1500,G4,2026-09-21T18:34:31
heart ornament,May 25,10,1500,G4,2026-09-21T18:34:31
heart ornament,Jun 25,0,1500,G4,2026-09-21T18:34:31
heart ornament,Jul 25,0,1500,G4,2026-09-21T18:34:31
heart ornament,Aug 25,0,1500,G4,2026-09-21T18:34:31
heart ornament,Sep 25,1110,1500,G4,2026-09-21T18:34:31
heart ornament,Oct 25,110,1500,G4,2026-09-21T18:34:31
heart ornament,Nov 25,10,1500,G4,2026-09-21T18:34:31
heart ornament,Dec 25,0,1500,G4,2026-09-21T18:34:31
heart ornament,Jan 26,10,1500,G4,2026-09-21T18:34:31
heart ornament,Feb 26,0,1500,G4,2026-09-21T18:34:31
heart ornament,Mar 26,0,1500,G4,2026-09-21T18:34:31
heart ornament,Apr 26,10,1500,G4,2026-09-21T18:34:31
heart ornament,May 26,10,1500,G4,2026-09-21T18:34:31
heart ornament,Jun 26,10,1500,G4,2026-09-21T18:34:31
heart ornament,Jul 26,0,1500,G4,2026-09-21T18:34:31
christmas tree art,May 25,10,1500,G4,2026-09-21T18:34:31
christmas tree art,Jun 25,10,1500,G4,2026-09-21T18:34:31
christmas tree art,Jul 25,10,1500,G4,2026-09-21T18:34:31
christmas tree art,Aug 25,10,1500,G4,2026-09-21T18:34:31
christmas tree art,Sep 25,10,1500,G4,2026-09-21T18:34:31
christmas tree art,Oct 25,1160,1500,G4,2026-09-21T18:34:31
christmas tree art,Nov 25,10,1500,G4,2026-09-21T18:34:31
christmas tree art,Dec 25,0,1500,G4,2026-09-21T18:34:31
christmas tree art,Jan 26,0,1500,G4,2026-09-21T18:34:31
christmas tree art,Feb 26,0,1500,G4,2026-09-21T18:34:31
christmas tree art,Mar 26,0,1500,G4,2026-09-21T18:34:31
christmas tree art,Apr 26,10,1500,G4,2026-09-21T18:34:31
christmas tree art,May 26,0,1500,G4,2026-09-21T18:34:31
christmas tree art,Jun 26,10,1500,G4,2026-09-21T18:34:31
christmas tree art,Jul 26,10,1500,G4,2026-09-21T18:34:31
house embroidery,May 25,0,1500,G4,2026-09-21T18:34:31
house embroidery,Jun 25,0,1500,G4,2026-09-21T18:34:31
house embroidery,Jul 25,0,1500,G4,2026-09-21T18:34:31
house embroidery,Aug 25,0,1500,G4,2026-09-21T18:34:31
house embroidery,Sep 25,10,1500,G4,2026-09-21T18:34:31
house embroidery,Oct 25,10,1500,G4,2026-09-21T18:34:31
house embroidery,Nov 25,1110,1500,G4,2026-09-21T18:34:31
house embroidery,Dec 25,10,1500,G4,2026-09-21T18:34:31
house embroidery,Jan 26,10,1500,G4,2026-09-21T18:34:31
house embroidery,Feb 26,10,1500,G4,2026-09-21T18:34:31
house embroidery,Mar 26,0,1500,G4,2026-09-21T18:34:31
house embroidery,Apr 26,10,1500,G4,2026-09-21T18:34:31
house embroidery,May 26,10,1500,G4,2026-09-21T18:34:31
house embroidery,Jun 26,0,1500,G4,2026-09-21T18:34:31
house embroidery,Jul 26,0,1500,G4,2026-09-21T18:34:31
kids christmas craft,May 25,0,1500,G4,2026-09-21T18:34:31
kids christmas craft,Jun 25,0,1500,G4,2026-09-21T18:34:31
kids christmas craft,Jul 25,0,1500,G4,2026-09-21T18:34:31
kids christmas craft,Aug 25,10,1500,G4,2026-09-21T18:34:31
kids christmas craft,Sep 25,10,1500,G4,2026-09-21T18:34:31
kids christmas craft,Oct 25,1110,1500,G4,2026-09-21T18:34:31
kids christmas craft,Nov 25,10,1500,G4,2026-09-21T18:34:31
kids christmas craft,Dec 25,0,1500,G4,2026-09-21T18:34:31
kids christmas craft,Jan 26,0,1500,G4,2026-09-21T18:34:31
kids christmas craft,Feb 26,0,1500,G4,2026-09-21T18:34:31
kids christmas craft,Mar 26,0,1500,G4,2026-09-21T18:34:31
kids christmas craft,Apr 26,0,1500,G4,2026-09-21T18:34:31
kids christmas craft,May 26,0,1500,G4,2026-09-21T18:34:31
kids christmas craft,Jun 26,0,1500,G4,2026-09-21T18:34:31
kids christmas craft,Jul 26,10,1500,G4,2026-09-21T18:34:31
classic christmas,May 25,10,1500,G4,2026-09-21T18:34:31
classic christmas,Jun 25,0,1500,G4,2026-09-21T18:34:31
classic christmas,Jul 25,0,1500,G4,2026-09-21T18:34:31
classic christmas,Aug 25,10,1500,G4,2026-09-21T18:34:31
classic christmas,Sep 25,0,1500,G4,2026-09-21T18:34:31
classic christmas,Oct 25,1110,1500,G4,2026-09-21T18:34:31
classic christmas,Nov 25,0,1500,G4,2026-09-21T18:34:31
classic christmas,Dec 25,0,1500,G4,2026-09-21T18:34:31
classic christmas,Jan 26,0,1500,G4,2026-09-21T18:34:31
classic christmas,Feb 26,10,1500,G4,2026-09-21T18:34:31
classic christmas,Mar 26,0,1500,G4,2026-09-21T18:34:31
classic christmas,Apr 26,0,1500,G4,2026-09-21T18:34:31
classic christmas,May 26,0,1500,G4,2026-09-21T18:34:31
classic christmas,Jun 26,0,1500,G4,2026-09-21T18:34:31
classic christmas,Jul 26,10,1500,G4,2026-09-21T18:34:31
embroidery template,May 25,0,1500,G4,2026-09-21T18:34:31
embroidery template,Jun 25,0,1500,G4,2026-09-21T18:34:31
embroidery template,Jul 25,0,1500,G4,2026-09-21T18:34:31
embroidery template,Aug 25,1020,1500,G4,2026-09-21T18:34:31
embroidery template,Sep 25,10,1500,G4,2026-09-21T18:34:31
embroidery template,Oct 25,10,1500,G4,2026-09-21T18:34:31
embroidery template,Nov 25,10,1500,G4,2026-09-21T18:34:31
embroidery template,Dec 25,10,1500,G4,2026-09-21T18:34:31
embroidery template,Jan 26,10,1500,G4,2026-09-21T18:34:31
embroidery template,Feb 26,10,1500,G4,2026-09-21T18:34:31
embroidery template,Mar 26,10,1500,G4,2026-09-21T18:34:31
embroidery template,Apr 26,10,1500,G4,2026-09-21T18:34:31
embroidery template,May 26,10,1500,G4,2026-09-21T18:34:31
embroidery template,Jun 26,0,1500,G4,2026-09-21T18:34:31
embroidery template,Jul 26,10,1500,G4,2026-09-21T18:34:31
pdf download,May 25,10,1500,G4,2026-09-21T18:34:31
pdf download,Jun 25,10,1500,G4,2026-09-21T18:34:31
pdf download,Jul 25,10,1500,G4,2026-09-21T18:34:31
pdf download,Aug 25,720,1500,G4,2026-09-21T18:34:31
pdf download,Sep 25,10,1500,G4,2026-09-21T18:34:31
pdf download,Oct 25,10,1500,G4,2026-09-21T18:34:31
pdf download,Nov 25,0,1500,G4,2026-09-21T18:34:31
pdf download,Dec 25,10,1500,G4,2026-09-21T18:34:31
pdf download,Jan 26,10,1500,G4,2026-09-21T18:34:31
pdf download,Feb 26,0,1500,G4,2026-09-21T18:34:31
pdf download,Mar 26,0,1500,G4,2026-09-21T18:34:31
pdf download,Apr 26,10,1500,G4,2026-09-21T18:34:31
pdf download,May 26,10,1500,G4,2026-09-21T18:34:31
pdf download,Jun 26,10,1500,G4,2026-09-21T18:34:31
pdf download,Jul 26,60,1500,G4,2026-09-21T18:34:31
christmas bow,May 25,0,1500,G4,2026-09-21T18:34:31
christmas bow,Jun 25,0,1500,G4,2026-09-21T18:34:31
christmas bow,Jul 25,510,1500,G4,2026-09-21T18:34:31
christmas bow,Aug 25,10,1500,G4,2026-09-21T18:34:31
christmas bow,Sep 25,510,1500,G4,2026-09-21T18:34:31
christmas bow,Oct 25,110,1500,G4,2026-09-21T18:34:31
christmas bow,Nov 25,10,1500,G4,2026-09-21T18:34:31
christmas bow,Dec 25,0,1500,G4,2026-09-21T18:34:31
christmas bow,Jan 26,0,1500,G4,2026-09-21T18:34:31
christmas bow,Feb 26,0,1500,G4,2026-09-21T18:34:31
christmas bow,Mar 26,0,1500,G4,2026-09-21T18:34:31
christmas bow,Apr 26,0,1500,G4,2026-09-21T18:34:31
christmas bow,May 26,10,1500,G4,2026-09-21T18:34:31
christmas bow,Jun 26,0,1500,G4,2026-09-21T18:34:31
christmas bow,Jul 26,0,1500,G4,2026-09-21T18:34:31
bow embroidery,May 25,10,1500,G4,2026-09-21T18:34:31
bow embroidery,Jun 25,10,1500,G4,2026-09-21T18:34:31
bow embroidery,Jul 25,0,1500,G4,2026-09-21T18:34:31
bow embroidery,Aug 25,10,1500,G4,2026-09-21T18:34:31
bow embroidery,Sep 25,10,1500,G4,2026-09-21T18:34:31
bow embroidery,Oct 25,0,1500,G4,2026-09-21T18:34:31
bow embroidery,Nov 25,10,1500,G4,2026-09-21T18:34:31
bow embroidery,Dec 25,520,1500,G4,2026-09-21T18:34:31
bow embroidery,Jan 26,10,1500,G4,2026-09-21T18:34:31
bow embroidery,Feb 26,60,1500,G4,2026-09-21T18:34:31
bow embroidery,Mar 26,10,1500,G4,2026-09-21T18:34:31
bow embroidery,Apr 26,0,1500,G4,2026-09-21T18:34:31
bow embroidery,May 26,0,1500,G4,2026-09-21T18:34:31
bow embroidery,Jun 26,10,1500,G4,2026-09-21T18:34:31
bow embroidery,Jul 26,0,1500,G4,2026-09-21T18:34:31
funny badge,May 25,0,1500,G4,2026-09-21T18:34:31
funny badge,Jun 25,0,1500,G4,2026-09-21T18:34:31
funny badge,Jul 25,0,1500,G4,2026-09-21T18:34:31
funny badge,Aug 25,0,1500,G4,2026-09-21T18:34:31
funny badge,Sep 25,0,1500,G4,2026-09-21T18:34:31
funny badge,Oct 25,0,1500,G4,2026-09-21T18:34:31
funny badge,Nov 25,510,1500,G4,2026-09-21T18:34:31
funny badge,Dec 25,0,1500,G4,2026-09-21T18:34:31
funny badge,Jan 26,0,1500,G4,2026-09-21T18:34:31
funny badge,Feb 26,10,1500,G4,2026-09-21T18:34:31
funny badge,Mar 26,0,1500,G4,2026-09-21T18:34:31
funny badge,Apr 26,0,1500,G4,2026-09-21T18:34:31
funny badge,May 26,0,1500,G4,2026-09-21T18:34:31
funny badge,Jun 26,0,1500,G4,2026-09-21T18:34:31
funny badge,Jul 26,0,1500,G4,2026-09-21T18:34:31
printable pdf,May 25,0,1500,G4,2026-09-21T18:34:31
printable pdf,Jun 25,0,1500,G4,2026-09-21T18:34:31
printable pdf,Jul 25,0,1500,G4,2026-09-21T18:34:31
printable pdf,Aug 25,20,1500,G4,2026-09-21T18:34:31
printable pdf,Sep 25,10,1500,G4,2026-09-21T18:34:31
printable pdf,Oct 25,10,1500,G4,2026-09-21T18:34:31
printable pdf,Nov 25,10,1500,G4,2026-09-21T18:34:31
printable pdf,Dec 25,0,1500,G4,2026-09-21T18:34:31
printable pdf,Jan 26,420,1500,G4,2026-09-21T18:34:31
printable pdf,Feb 26,10,1500,G4,2026-09-21T18:34:31
printable pdf,Mar 26,0,1500,G4,2026-09-21T18:34:31
printable pdf,Apr 26,0,1500,G4,2026-09-21T18:34:31
printable pdf,May 26,0,1500,G4,2026-09-21T18:34:31
printable pdf,Jun 26,0,1500,G4,2026-09-21T18:34:31
printable pdf,Jul 26,0,1500,G4,2026-09-21T18:34:31
circle wall decor,May 25,10,1500,G4,2026-09-21T18:34:31
circle wall decor,Jun 25,10,1500,G4,2026-09-21T18:34:31
circle wall decor,Jul 25,0,1500,G4,2026-09-21T18:34:31
circle wall decor,Aug 25,0,1500,G4,2026-09-21T18:34:31
circle wall decor,Sep 25,10,1500,G4,2026-09-21T18:34:31
circle wall decor,Oct 25,0,1500,G4,2026-09-21T18:34:31
circle wall decor,Nov 25,10,1500,G4,2026-09-21T18:34:31
circle wall decor,Dec 25,0,1500,G4,2026-09-21T18:34:31
circle wall decor,Jan 26,10,1500,G4,2026-09-21T18:34:31
circle wall decor,Feb 26,0,1500,G4,2026-09-21T18:34:31
circle wall decor,Mar 26,420,1500,G4,2026-09-21T18:34:31
circle wall decor,Apr 26,0,1500,G4,2026-09-21T18:34:31
circle wall decor,May 26,0,1500,G4,2026-09-21T18:34:31
circle wall decor,Jun 26,10,1500,G4,2026-09-21T18:34:31
circle wall decor,Jul 26,0,1500,G4,2026-09-21T18:34:31
cottagecore pattern,May 25,0,1500,G4,2026-09-21T18:34:31
cottagecore pattern,Jun 25,0,1500,G4,2026-09-21T18:34:31
cottagecore pattern,Jul 25,0,1500,G4,2026-09-21T18:34:31
cottagecore pattern,Aug 25,110,1500,G4,2026-09-21T18:34:31
cottagecore pattern,Sep 25,110,1500,G4,2026-09-21T18:34:31
cottagecore pattern,Oct 25,110,1500,G4,2026-09-21T18:34:31
cottagecore pattern,Nov 25,0,1500,G4,2026-09-21T18:34:31
cottagecore pattern,Dec 25,0,1500,G4,2026-09-21T18:34:31
cottagecore pattern,Jan 26,0,1500,G4,2026-09-21T18:34:31
cottagecore pattern,Feb 26,0,1500,G4,2026-09-21T18:34:31
cottagecore pattern,Mar 26,0,1500,G4,2026-09-21T18:34:31
cottagecore pattern,Apr 26,10,1500,G4,2026-09-21T18:34:31
cottagecore pattern,May 26,0,1500,G4,2026-09-21T18:34:31
cottagecore pattern,Jun 26,0,1500,G4,2026-09-21T18:34:31
cottagecore pattern,Jul 26,0,1500,G4,2026-09-21T18:34:31
tree embroidery,May 25,10,1500,G4,2026-09-21T18:34:31
tree embroidery,Jun 25,0,1500,G4,2026-09-21T18:34:31
tree embroidery,Jul 25,0,1500,G4,2026-09-21T18:34:31
tree embroidery,Aug 25,0,1500,G4,2026-09-21T18:34:31
tree embroidery,Sep 25,0,1500,G4,2026-09-21T18:34:31
tree embroidery,Oct 25,10,1500,G4,2026-09-21T18:34:31
tree embroidery,Nov 25,0,1500,G4,2026-09-21T18:34:31
tree embroidery,Dec 25,310,1500,G4,2026-09-21T18:34:31
tree embroidery,Jan 26,0,1500,G4,2026-09-21T18:34:31
tree embroidery,Feb 26,10,1500,G4,2026-09-21T18:34:31
tree embroidery,Mar 26,0,1500,G4,2026-09-21T18:34:31
tree embroidery,Apr 26,0,1500,G4,2026-09-21T18:34:31
tree embroidery,May 26,0,1500,G4,2026-09-21T18:34:31
tree embroidery,Jun 26,0,1500,G4,2026-09-21T18:34:31
tree embroidery,Jul 26,0,1500,G4,2026-09-21T18:34:31
whimsical forest art,May 25,0,1500,G4,2026-09-21T18:34:31
whimsical forest art,Jun 25,0,1500,G4,2026-09-21T18:34:31
whimsical forest art,Jul 25,10,1500,G4,2026-09-21T18:34:31
whimsical forest art,Aug 25,10,1500,G4,2026-09-21T18:34:31
whimsical forest art,Sep 25,10,1500,G4,2026-09-21T18:34:31
whimsical forest art,Oct 25,10,1500,G4,2026-09-21T18:34:31
whimsical forest art,Nov 25,0,1500,G4,2026-09-21T18:34:31
whimsical forest art,Dec 25,10,1500,G4,2026-09-21T18:34:31
whimsical forest art,Jan 26,10,1500,G4,2026-09-21T18:34:31
whimsical forest art,Feb 26,10,1500,G4,2026-09-21T18:34:31
whimsical forest art,Mar 26,10,1500,G4,2026-09-21T18:34:31
whimsical forest art,Apr 26,10,1500,G4,2026-09-21T18:34:31
whimsical forest art,May 26,0,1500,G4,2026-09-21T18:34:31
whimsical forest art,Jun 26,170,1500,G4,2026-09-21T18:34:31
whimsical forest art,Jul 26,10,1500,G4,2026-09-21T18:34:31
botanical wreath,May 25,0,200,B1,2026-09-21T18:36:26
botanical wreath,Jun 25,0,200,B1,2026-09-21T18:36:26
botanical wreath,Jul 25,0,200,B1,2026-09-21T18:36:26
botanical wreath,Aug 25,0,200,B1,2026-09-21T18:36:26
botanical wreath,Sep 25,0,200,B1,2026-09-21T18:36:26
botanical wreath,Oct 25,0,200,B1,2026-09-21T18:36:26
botanical wreath,Nov 25,0,200,B1,2026-09-21T18:36:26
botanical wreath,Dec 25,0,200,B1,2026-09-21T18:36:26
botanical wreath,Jan 26,10,200,B1,2026-09-21T18:36:26
botanical wreath,Feb 26,10,200,B1,2026-09-21T18:36:26
botanical wreath,Mar 26,0,200,B1,2026-09-21T18:36:26
botanical wreath,Apr 26,0,200,B1,2026-09-21T18:36:26
botanical wreath,May 26,0,200,B1,2026-09-21T18:36:26
botanical wreath,Jun 26,0,200,B1,2026-09-21T18:36:26
botanical wreath,Jul 26,0,200,B1,2026-09-21T18:36:26
branch wreath,May 25,0,200,B1,2026-09-21T18:36:26
branch wreath,Jun 25,0,200,B1,2026-09-21T18:36:26
branch wreath,Jul 25,0,200,B1,2026-09-21T18:36:26
branch wreath,Aug 25,0,200,B1,2026-09-21T18:36:26
branch wreath,Sep 25,10,200,B1,2026-09-21T18:36:26
branch wreath,Oct 25,0,200,B1,2026-09-21T18:36:26
branch wreath,Nov 25,0,200,B1,2026-09-21T18:36:26
branch wreath,Dec 25,0,200,B1,2026-09-21T18:36:26
branch wreath,Jan 26,0,200,B1,2026-09-21T18:36:26
branch wreath,Feb 26,0,200,B1,2026-09-21T18:36:26
branch wreath,Mar 26,0,200,B1,2026-09-21T18:36:26
branch wreath,Apr 26,0,200,B1,2026-09-21T18:36:26
branch wreath,May 26,0,200,B1,2026-09-21T18:36:26
branch wreath,Jun 26,0,200,B1,2026-09-21T18:36:26
branch wreath,Jul 26,0,200,B1,2026-09-21T18:36:26
calming wall art,May 25,10,200,B1,2026-09-21T18:36:26
calming wall art,Jun 25,10,200,B1,2026-09-21T18:36:26
calming wall art,Jul 25,10,200,B1,2026-09-21T18:36:26
calming wall art,Aug 25,10,200,B1,2026-09-21T18:36:26
calming wall art,Sep 25,10,200,B1,2026-09-21T18:36:26
calming wall art,Oct 25,10,200,B1,2026-09-21T18:36:26
calming wall art,Nov 25,10,200,B1,2026-09-21T18:36:26
calming wall art,Dec 25,10,200,B1,2026-09-21T18:36:26
calming wall art,Jan 26,10,200,B1,2026-09-21T18:36:26
calming wall art,Feb 26,10,200,B1,2026-09-21T18:36:26
calming wall art,Mar 26,10,200,B1,2026-09-21T18:36:26
calming wall art,Apr 26,10,200,B1,2026-09-21T18:36:26
calming wall art,May 26,10,200,B1,2026-09-21T18:36:26
calming wall art,Jun 26,10,200,B1,2026-09-21T18:36:26
calming wall art,Jul 26,10,200,B1,2026-09-21T18:36:26
diamond pattern,May 25,0,200,B1,2026-09-21T18:36:26
diamond pattern,Jun 25,10,200,B1,2026-09-21T18:36:26
diamond pattern,Jul 25,0,200,B1,2026-09-21T18:36:26
diamond pattern,Aug 25,0,200,B1,2026-09-21T18:36:26
diamond pattern,Sep 25,10,200,B1,2026-09-21T18:36:26
diamond pattern,Oct 25,0,200,B1,2026-09-21T18:36:26
diamond pattern,Nov 25,0,200,B1,2026-09-21T18:36:26
diamond pattern,Dec 25,0,200,B1,2026-09-21T18:36:26
diamond pattern,Jan 26,0,200,B1,2026-09-21T18:36:26
diamond pattern,Feb 26,0,200,B1,2026-09-21T18:36:26
diamond pattern,Mar 26,0,200,B1,2026-09-21T18:36:26
diamond pattern,Apr 26,0,200,B1,2026-09-21T18:36:26
diamond pattern,May 26,0,200,B1,2026-09-21T18:36:26
diamond pattern,Jun 26,0,200,B1,2026-09-21T18:36:26
diamond pattern,Jul 26,0,200,B1,2026-09-21T18:36:26
folk art embroidery,May 25,0,200,B1,2026-09-21T18:36:26
folk art embroidery,Jun 25,0,200,B1,2026-09-21T18:36:26
folk art embroidery,Jul 25,0,200,B1,2026-09-21T18:36:26
folk art embroidery,Aug 25,0,200,B1,2026-09-21T18:36:26
folk art embroidery,Sep 25,10,200,B1,2026-09-21T18:36:26
folk art embroidery,Oct 25,10,200,B1,2026-09-21T18:36:26
folk art embroidery,Nov 25,0,200,B1,2026-09-21T18:36:26
folk art embroidery,Dec 25,10,200,B1,2026-09-21T18:36:26
folk art embroidery,Jan 26,10,200,B1,2026-09-21T18:36:26
folk art embroidery,Feb 26,0,200,B1,2026-09-21T18:36:26
folk art embroidery,Mar 26,0,200,B1,2026-09-21T18:36:26
folk art embroidery,Apr 26,10,200,B1,2026-09-21T18:36:26
folk art embroidery,May 26,10,200,B1,2026-09-21T18:36:26
folk art embroidery,Jun 26,0,200,B1,2026-09-21T18:36:26
folk art embroidery,Jul 26,10,200,B1,2026-09-21T18:36:26
folk botanical,May 25,0,200,B1,2026-09-21T18:36:26
folk botanical,Jun 25,0,200,B1,2026-09-21T18:36:26
folk botanical,Jul 25,0,200,B1,2026-09-21T18:36:26
folk botanical,Aug 25,0,200,B1,2026-09-21T18:36:26
folk botanical,Sep 25,0,200,B1,2026-09-21T18:36:26
folk botanical,Oct 25,0,200,B1,2026-09-21T18:36:26
folk botanical,Nov 25,0,200,B1,2026-09-21T18:36:26
folk botanical,Dec 25,0,200,B1,2026-09-21T18:36:26
folk botanical,Jan 26,0,200,B1,2026-09-21T18:36:26
folk botanical,Feb 26,0,200,B1,2026-09-21T18:36:26
folk botanical,Mar 26,0,200,B1,2026-09-21T18:36:26
folk botanical,Apr 26,0,200,B1,2026-09-21T18:36:26
folk botanical,May 26,0,200,B1,2026-09-21T18:36:26
folk botanical,Jun 26,0,200,B1,2026-09-21T18:36:26
folk botanical,Jul 26,10,200,B1,2026-09-21T18:36:26
geometric wreath,May 25,0,200,B1,2026-09-21T18:36:26
geometric wreath,Jun 25,0,200,B1,2026-09-21T18:36:26
geometric wreath,Jul 25,0,200,B1,2026-09-21T18:36:26
geometric wreath,Aug 25,0,200,B1,2026-09-21T18:36:26
geometric wreath,Sep 25,0,200,B1,2026-09-21T18:36:26
geometric wreath,Oct 25,0,200,B1,2026-09-21T18:36:26
geometric wreath,Nov 25,0,200,B1,2026-09-21T18:36:26
geometric wreath,Dec 25,0,200,B1,2026-09-21T18:36:26
geometric wreath,Jan 26,0,200,B1,2026-09-21T18:36:26
geometric wreath,Feb 26,0,200,B1,2026-09-21T18:36:26
geometric wreath,Mar 26,10,200,B1,2026-09-21T18:36:26
geometric wreath,Apr 26,0,200,B1,2026-09-21T18:36:26
geometric wreath,May 26,0,200,B1,2026-09-21T18:36:26
geometric wreath,Jun 26,0,200,B1,2026-09-21T18:36:26
geometric wreath,Jul 26,0,200,B1,2026-09-21T18:36:26
gift for crafter,May 25,0,200,B1,2026-09-21T18:36:26
gift for crafter,Jun 25,0,200,B1,2026-09-21T18:36:26
gift for crafter,Jul 25,0,200,B1,2026-09-21T18:36:26
gift for crafter,Aug 25,10,200,B1,2026-09-21T18:36:26
gift for crafter,Sep 25,0,200,B1,2026-09-21T18:36:26
gift for crafter,Oct 25,10,200,B1,2026-09-21T18:36:26
gift for crafter,Nov 25,0,200,B1,2026-09-21T18:36:26
gift for crafter,Dec 25,0,200,B1,2026-09-21T18:36:26
gift for crafter,Jan 26,0,200,B1,2026-09-21T18:36:26
gift for crafter,Feb 26,0,200,B1,2026-09-21T18:36:26
gift for crafter,Mar 26,0,200,B1,2026-09-21T18:36:26
gift for crafter,Apr 26,0,200,B1,2026-09-21T18:36:26
gift for crafter,May 26,0,200,B1,2026-09-21T18:36:26
gift for crafter,Jun 26,0,200,B1,2026-09-21T18:36:26
gift for crafter,Jul 26,0,200,B1,2026-09-21T18:36:26
greenery embroidery,May 25,0,200,B1,2026-09-21T18:36:26
greenery embroidery,Jun 25,0,200,B1,2026-09-21T18:36:26
greenery embroidery,Jul 25,0,200,B1,2026-09-21T18:36:26
greenery embroidery,Aug 25,0,200,B1,2026-09-21T18:36:26
greenery embroidery,Sep 25,0,200,B1,2026-09-21T18:36:26
greenery embroidery,Oct 25,0,200,B1,2026-09-21T18:36:26
greenery embroidery,Nov 25,10,200,B1,2026-09-21T18:36:26
greenery embroidery,Dec 25,0,200,B1,2026-09-21T18:36:26
greenery embroidery,Jan 26,10,200,B1,2026-09-21T18:36:26
greenery embroidery,Feb 26,0,200,B1,2026-09-21T18:36:26
greenery embroidery,Mar 26,0,200,B1,2026-09-21T18:36:26
greenery embroidery,Apr 26,0,200,B1,2026-09-21T18:36:26
greenery embroidery,May 26,0,200,B1,2026-09-21T18:36:26
greenery embroidery,Jun 26,0,200,B1,2026-09-21T18:36:26
greenery embroidery,Jul 26,0,200,B1,2026-09-21T18:36:26
handmade gift craft,May 25,10,200,B1,2026-09-21T18:36:26
handmade gift craft,Jun 25,0,200,B1,2026-09-21T18:36:26
handmade gift craft,Jul 25,0,200,B1,2026-09-21T18:36:26
handmade gift craft,Aug 25,0,200,B1,2026-09-21T18:36:26
handmade gift craft,Sep 25,10,200,B1,2026-09-21T18:36:26
handmade gift craft,Oct 25,0,200,B1,2026-09-21T18:36:26
handmade gift craft,Nov 25,0,200,B1,2026-09-21T18:36:26
handmade gift craft,Dec 25,0,200,B1,2026-09-21T18:36:26
handmade gift craft,Jan 26,0,200,B1,2026-09-21T18:36:26
handmade gift craft,Feb 26,0,200,B1,2026-09-21T18:36:26
handmade gift craft,Mar 26,0,200,B1,2026-09-21T18:36:26
handmade gift craft,Apr 26,0,200,B1,2026-09-21T18:36:26
handmade gift craft,May 26,0,200,B1,2026-09-21T18:36:26
handmade gift craft,Jun 26,0,200,B1,2026-09-21T18:36:26
handmade gift craft,Jul 26,0,200,B1,2026-09-21T18:36:26
line art embroidery,May 25,0,200,B1,2026-09-21T18:36:26
line art embroidery,Jun 25,10,200,B1,2026-09-21T18:36:26
line art embroidery,Jul 25,0,200,B1,2026-09-21T18:36:26
line art embroidery,Aug 25,0,200,B1,2026-09-21T18:36:26
line art embroidery,Sep 25,0,200,B1,2026-09-21T18:36:26
line art embroidery,Oct 25,0,200,B1,2026-09-21T18:36:26
line art embroidery,Nov 25,0,200,B1,2026-09-21T18:36:26
line art embroidery,Dec 25,0,200,B1,2026-09-21T18:36:26
line art embroidery,Jan 26,10,200,B1,2026-09-21T18:36:26
line art embroidery,Feb 26,0,200,B1,2026-09-21T18:36:26
line art embroidery,Mar 26,0,200,B1,2026-09-21T18:36:26
line art embroidery,Apr 26,10,200,B1,2026-09-21T18:36:26
line art embroidery,May 26,10,200,B1,2026-09-21T18:36:26
line art embroidery,Jun 26,0,200,B1,2026-09-21T18:36:26
line art embroidery,Jul 26,0,200,B1,2026-09-21T18:36:26
meditative craft,May 25,0,200,B1,2026-09-21T18:36:26
meditative craft,Jun 25,0,200,B1,2026-09-21T18:36:26
meditative craft,Jul 25,0,200,B1,2026-09-21T18:36:26
meditative craft,Aug 25,10,200,B1,2026-09-21T18:36:26
meditative craft,Sep 25,0,200,B1,2026-09-21T18:36:26
meditative craft,Oct 25,0,200,B1,2026-09-21T18:36:26
meditative craft,Nov 25,0,200,B1,2026-09-21T18:36:26
meditative craft,Dec 25,0,200,B1,2026-09-21T18:36:26
meditative craft,Jan 26,0,200,B1,2026-09-21T18:36:26
meditative craft,Feb 26,0,200,B1,2026-09-21T18:36:26
meditative craft,Mar 26,0,200,B1,2026-09-21T18:36:26
meditative craft,Apr 26,0,200,B1,2026-09-21T18:36:26
meditative craft,May 26,0,200,B1,2026-09-21T18:36:26
meditative craft,Jun 26,0,200,B1,2026-09-21T18:36:26
meditative craft,Jul 26,0,200,B1,2026-09-21T18:36:26
mindful stitching,May 25,0,200,B1,2026-09-21T18:36:26
mindful stitching,Jun 25,0,200,B1,2026-09-21T18:36:26
mindful stitching,Jul 25,0,200,B1,2026-09-21T18:36:26
mindful stitching,Aug 25,0,200,B1,2026-09-21T18:36:26
mindful stitching,Sep 25,0,200,B1,2026-09-21T18:36:26
mindful stitching,Oct 25,0,200,B1,2026-09-21T18:36:26
mindful stitching,Nov 25,10,200,B1,2026-09-21T18:36:26
mindful stitching,Dec 25,0,200,B1,2026-09-21T18:36:26
mindful stitching,Jan 26,0,200,B1,2026-09-21T18:36:26
mindful stitching,Feb 26,0,200,B1,2026-09-21T18:36:26
mindful stitching,Mar 26,0,200,B1,2026-09-21T18:36:26
mindful stitching,Apr 26,0,200,B1,2026-09-21T18:36:26
mindful stitching,May 26,0,200,B1,2026-09-21T18:36:26
mindful stitching,Jun 26,0,200,B1,2026-09-21T18:36:26
mindful stitching,Jul 26,0,200,B1,2026-09-21T18:36:26
modern wreath,May 25,0,200,B1,2026-09-21T18:36:26
modern wreath,Jun 25,0,200,B1,2026-09-21T18:36:26
modern wreath,Jul 25,0,200,B1,2026-09-21T18:36:26
modern wreath,Aug 25,0,200,B1,2026-09-21T18:36:26
modern wreath,Sep 25,0,200,B1,2026-09-21T18:36:26
modern wreath,Oct 25,10,200,B1,2026-09-21T18:36:26
modern wreath,Nov 25,0,200,B1,2026-09-21T18:36:26
modern wreath,Dec 25,0,200,B1,2026-09-21T18:36:26
modern wreath,Jan 26,0,200,B1,2026-09-21T18:36:26
modern wreath,Feb 26,10,200,B1,2026-09-21T18:36:26
modern wreath,Mar 26,10,200,B1,2026-09-21T18:36:26
modern wreath,Apr 26,10,200,B1,2026-09-21T18:36:26
modern wreath,May 26,10,200,B1,2026-09-21T18:36:26
modern wreath,Jun 26,0,200,B1,2026-09-21T18:36:26
modern wreath,Jul 26,0,200,B1,2026-09-21T18:36:26
twig embroidery,May 25,0,200,B1,2026-09-21T18:36:26
twig embroidery,Jun 25,0,200,B1,2026-09-21T18:36:26
twig embroidery,Jul 25,0,200,B1,2026-09-21T18:36:26
twig embroidery,Aug 25,0,200,B1,2026-09-21T18:36:26
twig embroidery,Sep 25,0,200,B1,2026-09-21T18:36:26
twig embroidery,Oct 25,0,200,B1,2026-09-21T18:36:26
twig embroidery,Nov 25,0,200,B1,2026-09-21T18:36:26
twig embroidery,Dec 25,0,200,B1,2026-09-21T18:36:26
twig embroidery,Jan 26,0,200,B1,2026-09-21T18:36:26
twig embroidery,Feb 26,0,200,B1,2026-09-21T18:36:26
twig embroidery,Mar 26,0,200,B1,2026-09-21T18:36:26
twig embroidery,Apr 26,10,200,B1,2026-09-21T18:36:26
twig embroidery,May 26,0,200,B1,2026-09-21T18:36:26
twig embroidery,Jun 26,0,200,B1,2026-09-21T18:36:26
twig embroidery,Jul 26,0,200,B1,2026-09-21T18:36:26
wreath embroidery,May 25,0,200,B1,2026-09-21T18:36:26
wreath embroidery,Jun 25,0,200,B1,2026-09-21T18:36:26
wreath embroidery,Jul 25,0,200,B1,2026-09-21T18:36:26
wreath embroidery,Aug 25,10,200,B1,2026-09-21T18:36:26
wreath embroidery,Sep 25,0,200,B1,2026-09-21T18:36:26
wreath embroidery,Oct 25,10,200,B1,2026-09-21T18:36:26
wreath embroidery,Nov 25,10,200,B1,2026-09-21T18:36:26
wreath embroidery,Dec 25,0,200,B1,2026-09-21T18:36:26
wreath embroidery,Jan 26,10,200,B1,2026-09-21T18:36:26
wreath embroidery,Feb 26,0,200,B1,2026-09-21T18:36:26
wreath embroidery,Mar 26,0,200,B1,2026-09-21T18:36:26
wreath embroidery,Apr 26,0,200,B1,2026-09-21T18:36:26
wreath embroidery,May 26,0,200,B1,2026-09-21T18:36:26
wreath embroidery,Jun 26,10,200,B1,2026-09-21T18:36:26
wreath embroidery,Jul 26,0,200,B1,2026-09-21T18:36:26
beginner craft,May 25,0,200,B1,2026-09-21T18:36:26
beginner craft,Jun 25,0,200,B1,2026-09-21T18:36:26
beginner craft,Jul 25,0,200,B1,2026-09-21T18:36:26
beginner craft,Aug 25,10,200,B1,2026-09-21T18:36:26
beginner craft,Sep 25,0,200,B1,2026-09-21T18:36:26
beginner craft,Oct 25,0,200,B1,2026-09-21T18:36:26
beginner craft,Nov 25,0,200,B1,2026-09-21T18:36:26
beginner craft,Dec 25,10,200,B1,2026-09-21T18:36:26
beginner craft,Jan 26,0,200,B1,2026-09-21T18:36:26
beginner craft,Feb 26,0,200,B1,2026-09-21T18:36:26
beginner craft,Mar 26,0,200,B1,2026-09-21T18:36:26
beginner craft,Apr 26,0,200,B1,2026-09-21T18:36:26
beginner craft,May 26,0,200,B1,2026-09-21T18:36:26
beginner craft,Jun 26,0,200,B1,2026-09-21T18:36:26
beginner craft,Jul 26,0,200,B1,2026-09-21T18:36:26
beginner embroidery,May 25,0,200,B1,2026-09-21T18:36:26
beginner embroidery,Jun 25,0,200,B1,2026-09-21T18:36:26
beginner embroidery,Jul 25,10,200,B1,2026-09-21T18:36:26
beginner embroidery,Aug 25,0,200,B1,2026-09-21T18:36:26
beginner embroidery,Sep 25,10,200,B1,2026-09-21T18:36:26
beginner embroidery,Oct 25,160,200,B1,2026-09-21T18:36:26
beginner embroidery,Nov 25,10,200,B1,2026-09-21T18:36:26
beginner embroidery,Dec 25,10,200,B1,2026-09-21T18:36:26
beginner embroidery,Jan 26,10,200,B1,2026-09-21T18:36:26
beginner embroidery,Feb 26,10,200,B1,2026-09-21T18:36:26
beginner embroidery,Mar 26,0,200,B1,2026-09-21T18:36:26
beginner embroidery,Apr 26,10,200,B1,2026-09-21T18:36:26
beginner embroidery,May 26,10,200,B1,2026-09-21T18:36:26
beginner embroidery,Jun 26,0,200,B1,2026-09-21T18:36:26
beginner embroidery,Jul 26,10,200,B1,2026-09-21T18:36:26
beginner friendly,May 25,0,200,B1,2026-09-21T18:36:26
beginner friendly,Jun 25,0,200,B1,2026-09-21T18:36:26
beginner friendly,Jul 25,0,200,B1,2026-09-21T18:36:26
beginner friendly,Aug 25,0,200,B1,2026-09-21T18:36:26
beginner friendly,Sep 25,0,200,B1,2026-09-21T18:36:26
beginner friendly,Oct 25,0,200,B1,2026-09-21T18:36:26
beginner friendly,Nov 25,0,200,B1,2026-09-21T18:36:26
beginner friendly,Dec 25,0,200,B1,2026-09-21T18:36:26
beginner friendly,Jan 26,0,200,B1,2026-09-21T18:36:26
beginner friendly,Feb 26,10,200,B1,2026-09-21T18:36:26
beginner friendly,Mar 26,0,200,B1,2026-09-21T18:36:26
beginner friendly,Apr 26,0,200,B1,2026-09-21T18:36:26
beginner friendly,May 26,0,200,B1,2026-09-21T18:36:26
beginner friendly,Jun 26,0,200,B1,2026-09-21T18:36:26
beginner friendly,Jul 26,0,200,B1,2026-09-21T18:36:26
beginner pattern,May 25,10,200,B1,2026-09-21T18:36:26
beginner pattern,Jun 25,0,200,B1,2026-09-21T18:36:26
beginner pattern,Jul 25,0,200,B1,2026-09-21T18:36:26
beginner pattern,Aug 25,0,200,B1,2026-09-21T18:36:26
beginner pattern,Sep 25,0,200,B1,2026-09-21T18:36:26
beginner pattern,Oct 25,0,200,B1,2026-09-21T18:36:26
beginner pattern,Nov 25,0,200,B1,2026-09-21T18:36:26
beginner pattern,Dec 25,0,200,B1,2026-09-21T18:36:26
beginner pattern,Jan 26,0,200,B1,2026-09-21T18:36:26
beginner pattern,Feb 26,10,200,B1,2026-09-21T18:36:26
beginner pattern,Mar 26,0,200,B1,2026-09-21T18:36:26
beginner pattern,Apr 26,10,200,B1,2026-09-21T18:36:26
beginner pattern,May 26,0,200,B1,2026-09-21T18:36:26
beginner pattern,Jun 26,0,200,B1,2026-09-21T18:36:26
beginner pattern,Jul 26,0,200,B1,2026-09-21T18:36:26
bohemian pattern,May 25,0,1500,B2,2026-09-21T18:37:22
bohemian pattern,Jun 25,0,1500,B2,2026-09-21T18:37:22
bohemian pattern,Jul 25,0,1500,B2,2026-09-21T18:37:22
bohemian pattern,Aug 25,10,1500,B2,2026-09-21T18:37:22
bohemian pattern,Sep 25,0,1500,B2,2026-09-21T18:37:22
bohemian pattern,Oct 25,0,1500,B2,2026-09-21T18:37:22
bohemian pattern,Nov 25,0,1500,B2,2026-09-21T18:37:22
bohemian pattern,Dec 25,0,1500,B2,2026-09-21T18:37:22
bohemian pattern,Jan 26,0,1500,B2,2026-09-21T18:37:22
bohemian pattern,Feb 26,0,1500,B2,2026-09-21T18:37:22
bohemian pattern,Mar 26,60,1500,B2,2026-09-21T18:37:22
bohemian pattern,Apr 26,0,1500,B2,2026-09-21T18:37:22
bohemian pattern,May 26,0,1500,B2,2026-09-21T18:37:22
bohemian pattern,Jun 26,0,1500,B2,2026-09-21T18:37:22
bohemian pattern,Jul 26,0,1500,B2,2026-09-21T18:37:22
boho embroidery,May 25,10,1500,B2,2026-09-21T18:37:22
boho embroidery,Jun 25,0,1500,B2,2026-09-21T18:37:22
boho embroidery,Jul 25,10,1500,B2,2026-09-21T18:37:22
boho embroidery,Aug 25,10,1500,B2,2026-09-21T18:37:22
boho embroidery,Sep 25,0,1500,B2,2026-09-21T18:37:22
boho embroidery,Oct 25,0,1500,B2,2026-09-21T18:37:22
boho embroidery,Nov 25,0,1500,B2,2026-09-21T18:37:22
boho embroidery,Dec 25,0,1500,B2,2026-09-21T18:37:22
boho embroidery,Jan 26,0,1500,B2,2026-09-21T18:37:22
boho embroidery,Feb 26,0,1500,B2,2026-09-21T18:37:22
boho embroidery,Mar 26,0,1500,B2,2026-09-21T18:37:22
boho embroidery,Apr 26,0,1500,B2,2026-09-21T18:37:22
boho embroidery,May 26,0,1500,B2,2026-09-21T18:37:22
boho embroidery,Jun 26,0,1500,B2,2026-09-21T18:37:22
boho embroidery,Jul 26,0,1500,B2,2026-09-21T18:37:22
botanical embroidery,May 25,0,1500,B2,2026-09-21T18:37:22
botanical embroidery,Jun 25,10,1500,B2,2026-09-21T18:37:22
botanical embroidery,Jul 25,0,1500,B2,2026-09-21T18:37:22
botanical embroidery,Aug 25,0,1500,B2,2026-09-21T18:37:22
botanical embroidery,Sep 25,10,1500,B2,2026-09-21T18:37:22
botanical embroidery,Oct 25,10,1500,B2,2026-09-21T18:37:22
botanical embroidery,Nov 25,0,1500,B2,2026-09-21T18:37:22
botanical embroidery,Dec 25,10,1500,B2,2026-09-21T18:37:22
botanical embroidery,Jan 26,10,1500,B2,2026-09-21T18:37:22
botanical embroidery,Feb 26,10,1500,B2,2026-09-21T18:37:22
botanical embroidery,Mar 26,0,1500,B2,2026-09-21T18:37:22
botanical embroidery,Apr 26,0,1500,B2,2026-09-21T18:37:22
botanical embroidery,May 26,0,1500,B2,2026-09-21T18:37:22
botanical embroidery,Jun 26,10,1500,B2,2026-09-21T18:37:22
botanical embroidery,Jul 26,0,1500,B2,2026-09-21T18:37:22
botanical pattern,May 25,0,1500,B2,2026-09-21T18:37:22
botanical pattern,Jun 25,0,1500,B2,2026-09-21T18:37:22
botanical pattern,Jul 25,0,1500,B2,2026-09-21T18:37:22
botanical pattern,Aug 25,0,1500,B2,2026-09-21T18:37:22
botanical pattern,Sep 25,0,1500,B2,2026-09-21T18:37:22
botanical pattern,Oct 25,0,1500,B2,2026-09-21T18:37:22
botanical pattern,Nov 25,0,1500,B2,2026-09-21T18:37:22
botanical pattern,Dec 25,0,1500,B2,2026-09-21T18:37:22
botanical pattern,Jan 26,0,1500,B2,2026-09-21T18:37:22
botanical pattern,Feb 26,10,1500,B2,2026-09-21T18:37:22
botanical pattern,Mar 26,10,1500,B2,2026-09-21T18:37:22
botanical pattern,Apr 26,0,1500,B2,2026-09-21T18:37:22
botanical pattern,May 26,0,1500,B2,2026-09-21T18:37:22
botanical pattern,Jun 26,10,1500,B2,2026-09-21T18:37:22
botanical pattern,Jul 26,0,1500,B2,2026-09-21T18:37:22
celestial pattern,May 25,0,1500,B2,2026-09-21T18:37:22
celestial pattern,Jun 25,0,1500,B2,2026-09-21T18:37:22
celestial pattern,Jul 25,0,1500,B2,2026-09-21T18:37:22
celestial pattern,Aug 25,0,1500,B2,2026-09-21T18:37:22
celestial pattern,Sep 25,0,1500,B2,2026-09-21T18:37:22
celestial pattern,Oct 25,0,1500,B2,2026-09-21T18:37:22
celestial pattern,Nov 25,0,1500,B2,2026-09-21T18:37:22
celestial pattern,Dec 25,0,1500,B2,2026-09-21T18:37:22
celestial pattern,Jan 26,0,1500,B2,2026-09-21T18:37:22
celestial pattern,Feb 26,0,1500,B2,2026-09-21T18:37:22
celestial pattern,Mar 26,0,1500,B2,2026-09-21T18:37:22
celestial pattern,Apr 26,0,1500,B2,2026-09-21T18:37:22
celestial pattern,May 26,0,1500,B2,2026-09-21T18:37:22
celestial pattern,Jun 26,10,1500,B2,2026-09-21T18:37:22
celestial pattern,Jul 26,0,1500,B2,2026-09-21T18:37:22
easy embroidery,May 25,0,1500,B2,2026-09-21T18:37:22
easy embroidery,Jun 25,0,1500,B2,2026-09-21T18:37:22
easy embroidery,Jul 25,0,1500,B2,2026-09-21T18:37:22
easy embroidery,Aug 25,0,1500,B2,2026-09-21T18:37:22
easy embroidery,Sep 25,0,1500,B2,2026-09-21T18:37:22
easy embroidery,Oct 25,0,1500,B2,2026-09-21T18:37:22
easy embroidery,Nov 25,0,1500,B2,2026-09-21T18:37:22
easy embroidery,Dec 25,0,1500,B2,2026-09-21T18:37:22
easy embroidery,Jan 26,10,1500,B2,2026-09-21T18:37:22
easy embroidery,Feb 26,0,1500,B2,2026-09-21T18:37:22
easy embroidery,Mar 26,0,1500,B2,2026-09-21T18:37:22
easy embroidery,Apr 26,0,1500,B2,2026-09-21T18:37:22
easy embroidery,May 26,0,1500,B2,2026-09-21T18:37:22
easy embroidery,Jun 26,0,1500,B2,2026-09-21T18:37:22
easy embroidery,Jul 26,10,1500,B2,2026-09-21T18:37:22
embroidery gift,May 25,10,1500,B2,2026-09-21T18:37:22
embroidery gift,Jun 25,0,1500,B2,2026-09-21T18:37:22
embroidery gift,Jul 25,0,1500,B2,2026-09-21T18:37:22
embroidery gift,Aug 25,10,1500,B2,2026-09-21T18:37:22
embroidery gift,Sep 25,0,1500,B2,2026-09-21T18:37:22
embroidery gift,Oct 25,10,1500,B2,2026-09-21T18:37:22
embroidery gift,Nov 25,10,1500,B2,2026-09-21T18:37:22
embroidery gift,Dec 25,10,1500,B2,2026-09-21T18:37:22
embroidery gift,Jan 26,0,1500,B2,2026-09-21T18:37:22
embroidery gift,Feb 26,0,1500,B2,2026-09-21T18:37:22
embroidery gift,Mar 26,10,1500,B2,2026-09-21T18:37:22
embroidery gift,Apr 26,10,1500,B2,2026-09-21T18:37:22
embroidery gift,May 26,0,1500,B2,2026-09-21T18:37:22
embroidery gift,Jun 26,0,1500,B2,2026-09-21T18:37:22
embroidery gift,Jul 26,0,1500,B2,2026-09-21T18:37:22
hand drawn pattern,May 25,0,1500,B2,2026-09-21T18:37:22
hand drawn pattern,Jun 25,10,1500,B2,2026-09-21T18:37:22
hand drawn pattern,Jul 25,0,1500,B2,2026-09-21T18:37:22
hand drawn pattern,Aug 25,0,1500,B2,2026-09-21T18:37:22
hand drawn pattern,Sep 25,0,1500,B2,2026-09-21T18:37:22
hand drawn pattern,Oct 25,0,1500,B2,2026-09-21T18:37:22
hand drawn pattern,Nov 25,10,1500,B2,2026-09-21T18:37:22
hand drawn pattern,Dec 25,0,1500,B2,2026-09-21T18:37:22
hand drawn pattern,Jan 26,0,1500,B2,2026-09-21T18:37:22
hand drawn pattern,Feb 26,0,1500,B2,2026-09-21T18:37:22
hand drawn pattern,Mar 26,0,1500,B2,2026-09-21T18:37:22
hand drawn pattern,Apr 26,0,1500,B2,2026-09-21T18:37:22
hand drawn pattern,May 26,0,1500,B2,2026-09-21T18:37:22
hand drawn pattern,Jun 26,0,1500,B2,2026-09-21T18:37:22
hand drawn pattern,Jul 26,10,1500,B2,2026-09-21T18:37:22
hoop embroidery,May 25,0,1500,B2,2026-09-21T18:37:22
hoop embroidery,Jun 25,0,1500,B2,2026-09-21T18:37:22
hoop embroidery,Jul 25,0,1500,B2,2026-09-21T18:37:22
hoop embroidery,Aug 25,0,1500,B2,2026-09-21T18:37:22
hoop embroidery,Sep 25,0,1500,B2,2026-09-21T18:37:22
hoop embroidery,Oct 25,0,1500,B2,2026-09-21T18:37:22
hoop embroidery,Nov 25,0,1500,B2,2026-09-21T18:37:22
hoop embroidery,Dec 25,0,1500,B2,2026-09-21T18:37:22
hoop embroidery,Jan 26,0,1500,B2,2026-09-21T18:37:22
hoop embroidery,Feb 26,10,1500,B2,2026-09-21T18:37:22
hoop embroidery,Mar 26,0,1500,B2,2026-09-21T18:37:22
hoop embroidery,Apr 26,0,1500,B2,2026-09-21T18:37:22
hoop embroidery,May 26,0,1500,B2,2026-09-21T18:37:22
hoop embroidery,Jun 26,0,1500,B2,2026-09-21T18:37:22
hoop embroidery,Jul 26,0,1500,B2,2026-09-21T18:37:22
leaf embroidery,May 25,10,1500,B2,2026-09-21T18:37:22
leaf embroidery,Jun 25,0,1500,B2,2026-09-21T18:37:22
leaf embroidery,Jul 25,0,1500,B2,2026-09-21T18:37:22
leaf embroidery,Aug 25,0,1500,B2,2026-09-21T18:37:22
leaf embroidery,Sep 25,0,1500,B2,2026-09-21T18:37:22
leaf embroidery,Oct 25,0,1500,B2,2026-09-21T18:37:22
leaf embroidery,Nov 25,10,1500,B2,2026-09-21T18:37:22
leaf embroidery,Dec 25,0,1500,B2,2026-09-21T18:37:22
leaf embroidery,Jan 26,10,1500,B2,2026-09-21T18:37:22
leaf embroidery,Feb 26,10,1500,B2,2026-09-21T18:37:22
leaf embroidery,Mar 26,0,1500,B2,2026-09-21T18:37:22
leaf embroidery,Apr 26,0,1500,B2,2026-09-21T18:37:22
leaf embroidery,May 26,0,1500,B2,2026-09-21T18:37:22
leaf embroidery,Jun 26,0,1500,B2,2026-09-21T18:37:22
leaf embroidery,Jul 26,0,1500,B2,2026-09-21T18:37:22
linen embroidery,May 25,0,1500,B2,2026-09-21T18:37:22
linen embroidery,Jun 25,0,1500,B2,2026-09-21T18:37:22
linen embroidery,Jul 25,0,1500,B2,2026-09-21T18:37:22
linen embroidery,Aug 25,0,1500,B2,2026-09-21T18:37:22
linen embroidery,Sep 25,10,1500,B2,2026-09-21T18:37:22
linen embroidery,Oct 25,10,1500,B2,2026-09-21T18:37:22
linen embroidery,Nov 25,0,1500,B2,2026-09-21T18:37:22
linen embroidery,Dec 25,0,1500,B2,2026-09-21T18:37:22
linen embroidery,Jan 26,0,1500,B2,2026-09-21T18:37:22
linen embroidery,Feb 26,0,1500,B2,2026-09-21T18:37:22
linen embroidery,Mar 26,0,1500,B2,2026-09-21T18:37:22
linen embroidery,Apr 26,10,1500,B2,2026-09-21T18:37:22
linen embroidery,May 26,0,1500,B2,2026-09-21T18:37:22
linen embroidery,Jun 26,10,1500,B2,2026-09-21T18:37:22
linen embroidery,Jul 26,0,1500,B2,2026-09-21T18:37:22
nature embroidery,May 25,0,1500,B2,2026-09-21T18:37:22
nature embroidery,Jun 25,10,1500,B2,2026-09-21T18:37:22
nature embroidery,Jul 25,0,1500,B2,2026-09-21T18:37:22
nature embroidery,Aug 25,0,1500,B2,2026-09-21T18:37:22
nature embroidery,Sep 25,10,1500,B2,2026-09-21T18:37:22
nature embroidery,Oct 25,10,1500,B2,2026-09-21T18:37:22
nature embroidery,Nov 25,0,1500,B2,2026-09-21T18:37:22
nature embroidery,Dec 25,0,1500,B2,2026-09-21T18:37:22
nature embroidery,Jan 26,0,1500,B2,2026-09-21T18:37:22
nature embroidery,Feb 26,0,1500,B2,2026-09-21T18:37:22
nature embroidery,Mar 26,10,1500,B2,2026-09-21T18:37:22
nature embroidery,Apr 26,0,1500,B2,2026-09-21T18:37:22
nature embroidery,May 26,0,1500,B2,2026-09-21T18:37:22
nature embroidery,Jun 26,0,1500,B2,2026-09-21T18:37:22
nature embroidery,Jul 26,0,1500,B2,2026-09-21T18:37:22
needlework pattern,May 25,0,1500,B2,2026-09-21T18:37:22
needlework pattern,Jun 25,0,1500,B2,2026-09-21T18:37:22
needlework pattern,Jul 25,0,1500,B2,2026-09-21T18:37:22
needlework pattern,Aug 25,0,1500,B2,2026-09-21T18:37:22
needlework pattern,Sep 25,0,1500,B2,2026-09-21T18:37:22
needlework pattern,Oct 25,0,1500,B2,2026-09-21T18:37:22
needlework pattern,Nov 25,0,1500,B2,2026-09-21T18:37:22
needlework pattern,Dec 25,10,1500,B2,2026-09-21T18:37:22
needlework pattern,Jan 26,0,1500,B2,2026-09-21T18:37:22
needlework pattern,Feb 26,0,1500,B2,2026-09-21T18:37:22
needlework pattern,Mar 26,0,1500,B2,2026-09-21T18:37:22
needlework pattern,Apr 26,10,1500,B2,2026-09-21T18:37:22
needlework pattern,May 26,0,1500,B2,2026-09-21T18:37:22
needlework pattern,Jun 26,0,1500,B2,2026-09-21T18:37:22
needlework pattern,Jul 26,0,1500,B2,2026-09-21T18:37:22
organic pattern,May 25,0,1500,B2,2026-09-21T18:37:22
organic pattern,Jun 25,0,1500,B2,2026-09-21T18:37:22
organic pattern,Jul 25,0,1500,B2,2026-09-21T18:37:22
organic pattern,Aug 25,0,1500,B2,2026-09-21T18:37:22
organic pattern,Sep 25,0,1500,B2,2026-09-21T18:37:22
organic pattern,Oct 25,0,1500,B2,2026-09-21T18:37:22
organic pattern,Nov 25,0,1500,B2,2026-09-21T18:37:22
organic pattern,Dec 25,0,1500,B2,2026-09-21T18:37:22
organic pattern,Jan 26,0,1500,B2,2026-09-21T18:37:22
organic pattern,Feb 26,0,1500,B2,2026-09-21T18:37:22
organic pattern,Mar 26,0,1500,B2,2026-09-21T18:37:22
organic pattern,Apr 26,0,1500,B2,2026-09-21T18:37:22
organic pattern,May 26,10,1500,B2,2026-09-21T18:37:22
organic pattern,Jun 26,0,1500,B2,2026-09-21T18:37:22
organic pattern,Jul 26,0,1500,B2,2026-09-21T18:37:22
pdf pattern,May 25,10,1500,B2,2026-09-21T18:37:22
pdf pattern,Jun 25,1210,1500,B2,2026-09-21T18:37:22
pdf pattern,Jul 25,110,1500,B2,2026-09-21T18:37:22
pdf pattern,Aug 25,0,1500,B2,2026-09-21T18:37:22
pdf pattern,Sep 25,10,1500,B2,2026-09-21T18:37:22
pdf pattern,Oct 25,10,1500,B2,2026-09-21T18:37:22
pdf pattern,Nov 25,0,1500,B2,2026-09-21T18:37:22
pdf pattern,Dec 25,0,1500,B2,2026-09-21T18:37:22
pdf pattern,Jan 26,10,1500,B2,2026-09-21T18:37:22
pdf pattern,Feb 26,10,1500,B2,2026-09-21T18:37:22
pdf pattern,Mar 26,0,1500,B2,2026-09-21T18:37:22
pdf pattern,Apr 26,0,1500,B2,2026-09-21T18:37:22
pdf pattern,May 26,10,1500,B2,2026-09-21T18:37:22
pdf pattern,Jun 26,0,1500,B2,2026-09-21T18:37:22
pdf pattern,Jul 26,0,1500,B2,2026-09-21T18:37:22
printable pattern,May 25,0,1500,B2,2026-09-21T18:37:22
printable pattern,Jun 25,0,1500,B2,2026-09-21T18:37:22
printable pattern,Jul 25,0,1500,B2,2026-09-21T18:37:22
printable pattern,Aug 25,0,1500,B2,2026-09-21T18:37:22
printable pattern,Sep 25,0,1500,B2,2026-09-21T18:37:22
printable pattern,Oct 25,10,1500,B2,2026-09-21T18:37:22
printable pattern,Nov 25,0,1500,B2,2026-09-21T18:37:22
printable pattern,Dec 25,0,1500,B2,2026-09-21T18:37:22
printable pattern,Jan 26,0,1500,B2,2026-09-21T18:37:22
printable pattern,Feb 26,0,1500,B2,2026-09-21T18:37:22
printable pattern,Mar 26,0,1500,B2,2026-09-21T18:37:22
printable pattern,Apr 26,0,1500,B2,2026-09-21T18:37:22
printable pattern,May 26,0,1500,B2,2026-09-21T18:37:22
printable pattern,Jun 26,0,1500,B2,2026-09-21T18:37:22
printable pattern,Jul 26,0,1500,B2,2026-09-21T18:37:22
simple embroidery,May 25,0,1500,B2,2026-09-21T18:37:22
simple embroidery,Jun 25,0,1500,B2,2026-09-21T18:37:22
simple embroidery,Jul 25,0,1500,B2,2026-09-21T18:37:22
simple embroidery,Aug 25,0,1500,B2,2026-09-21T18:37:22
simple embroidery,Sep 25,0,1500,B2,2026-09-21T18:37:22
simple embroidery,Oct 25,10,1500,B2,2026-09-21T18:37:22
simple embroidery,Nov 25,0,1500,B2,2026-09-21T18:37:22
simple embroidery,Dec 25,10,1500,B2,2026-09-21T18:37:22
simple embroidery,Jan 26,0,1500,B2,2026-09-21T18:37:22
simple embroidery,Feb 26,10,1500,B2,2026-09-21T18:37:22
simple embroidery,Mar 26,10,1500,B2,2026-09-21T18:37:22
simple embroidery,Apr 26,0,1500,B2,2026-09-21T18:37:22
simple embroidery,May 26,10,1500,B2,2026-09-21T18:37:22
simple embroidery,Jun 26,0,1500,B2,2026-09-21T18:37:22
simple embroidery,Jul 26,0,1500,B2,2026-09-21T18:37:22
sketch embroidery,May 25,0,1500,B2,2026-09-21T18:37:22
sketch embroidery,Jun 25,10,1500,B2,2026-09-21T18:37:22
sketch embroidery,Jul 25,0,1500,B2,2026-09-21T18:37:22
sketch embroidery,Aug 25,0,1500,B2,2026-09-21T18:37:22
sketch embroidery,Sep 25,0,1500,B2,2026-09-21T18:37:22
sketch embroidery,Oct 25,10,1500,B2,2026-09-21T18:37:22
sketch embroidery,Nov 25,0,1500,B2,2026-09-21T18:37:22
sketch embroidery,Dec 25,0,1500,B2,2026-09-21T18:37:22
sketch embroidery,Jan 26,0,1500,B2,2026-09-21T18:37:22
sketch embroidery,Feb 26,10,1500,B2,2026-09-21T18:37:22
sketch embroidery,Mar 26,0,1500,B2,2026-09-21T18:37:22
sketch embroidery,Apr 26,0,1500,B2,2026-09-21T18:37:22
sketch embroidery,May 26,0,1500,B2,2026-09-21T18:37:22
sketch embroidery,Jun 26,10,1500,B2,2026-09-21T18:37:22
sketch embroidery,Jul 26,0,1500,B2,2026-09-21T18:37:22
slow stitching,May 25,0,1500,B2,2026-09-21T18:37:22
slow stitching,Jun 25,0,1500,B2,2026-09-21T18:37:22
slow stitching,Jul 25,0,1500,B2,2026-09-21T18:37:22
slow stitching,Aug 25,10,1500,B2,2026-09-21T18:37:22
slow stitching,Sep 25,10,1500,B2,2026-09-21T18:37:22
slow stitching,Oct 25,0,1500,B2,2026-09-21T18:37:22
slow stitching,Nov 25,0,1500,B2,2026-09-21T18:37:22
slow stitching,Dec 25,10,1500,B2,2026-09-21T18:37:22
slow stitching,Jan 26,0,1500,B2,2026-09-21T18:37:22
slow stitching,Feb 26,10,1500,B2,2026-09-21T18:37:22
slow stitching,Mar 26,10,1500,B2,2026-09-21T18:37:22
slow stitching,Apr 26,0,1500,B2,2026-09-21T18:37:22
slow stitching,May 26,10,1500,B2,2026-09-21T18:37:22
slow stitching,Jun 26,0,1500,B2,2026-09-21T18:37:22
slow stitching,Jul 26,0,1500,B2,2026-09-21T18:37:22
star embroidery,May 25,0,1500,B2,2026-09-21T18:37:22
star embroidery,Jun 25,110,1500,B2,2026-09-21T18:37:22
star embroidery,Jul 25,0,1500,B2,2026-09-21T18:37:22
star embroidery,Aug 25,0,1500,B2,2026-09-21T18:37:22
star embroidery,Sep 25,0,1500,B2,2026-09-21T18:37:22
star embroidery,Oct 25,10,1500,B2,2026-09-21T18:37:22
star embroidery,Nov 25,0,1500,B2,2026-09-21T18:37:22
star embroidery,Dec 25,0,1500,B2,2026-09-21T18:37:22
star embroidery,Jan 26,10,1500,B2,2026-09-21T18:37:22
star embroidery,Feb 26,0,1500,B2,2026-09-21T18:37:22
star embroidery,Mar 26,0,1500,B2,2026-09-21T18:37:22
star embroidery,Apr 26,0,1500,B2,2026-09-21T18:37:22
star embroidery,May 26,0,1500,B2,2026-09-21T18:37:22
star embroidery,Jun 26,0,1500,B2,2026-09-21T18:37:22
star embroidery,Jul 26,0,1500,B2,2026-09-21T18:37:22
starburst pattern,May 25,0,1200,G7,2026-09-21T18:38:37
starburst pattern,Jun 25,0,1200,G7,2026-09-21T18:38:37
starburst pattern,Jul 25,0,1200,G7,2026-09-21T18:38:37
starburst pattern,Aug 25,0,1200,G7,2026-09-21T18:38:37
starburst pattern,Sep 25,0,1200,G7,2026-09-21T18:38:37
starburst pattern,Oct 25,0,1200,G7,2026-09-21T18:38:37
starburst pattern,Nov 25,0,1200,G7,2026-09-21T18:38:37
starburst pattern,Dec 25,0,1200,G7,2026-09-21T18:38:37
starburst pattern,Jan 26,0,1200,G7,2026-09-21T18:38:37
starburst pattern,Feb 26,0,1200,G7,2026-09-21T18:38:37
starburst pattern,Mar 26,0,1200,G7,2026-09-21T18:38:37
starburst pattern,Apr 26,0,1200,G7,2026-09-21T18:38:37
starburst pattern,May 26,0,1200,G7,2026-09-21T18:38:37
starburst pattern,Jun 26,0,1200,G7,2026-09-21T18:38:37
starburst pattern,Jul 26,10,1200,G7,2026-09-21T18:38:37
stitching pattern,May 25,0,1200,G7,2026-09-21T18:38:37
stitching pattern,Jun 25,0,1200,G7,2026-09-21T18:38:37
stitching pattern,Jul 25,0,1200,G7,2026-09-21T18:38:37
stitching pattern,Aug 25,0,1200,G7,2026-09-21T18:38:37
stitching pattern,Sep 25,0,1200,G7,2026-09-21T18:38:37
stitching pattern,Oct 25,0,1200,G7,2026-09-21T18:38:37
stitching pattern,Nov 25,0,1200,G7,2026-09-21T18:38:37
stitching pattern,Dec 25,0,1200,G7,2026-09-21T18:38:37
stitching pattern,Jan 26,0,1200,G7,2026-09-21T18:38:37
stitching pattern,Feb 26,0,1200,G7,2026-09-21T18:38:37
stitching pattern,Mar 26,10,1200,G7,2026-09-21T18:38:37
stitching pattern,Apr 26,0,1200,G7,2026-09-21T18:38:37
stitching pattern,May 26,0,1200,G7,2026-09-21T18:38:37
stitching pattern,Jun 26,0,1200,G7,2026-09-21T18:38:37
stitching pattern,Jul 26,0,1200,G7,2026-09-21T18:38:37
sunburst design,May 25,0,1200,G7,2026-09-21T18:38:37
sunburst design,Jun 25,0,1200,G7,2026-09-21T18:38:37
sunburst design,Jul 25,0,1200,G7,2026-09-21T18:38:37
sunburst design,Aug 25,0,1200,G7,2026-09-21T18:38:37
sunburst design,Sep 25,0,1200,G7,2026-09-21T18:38:37
sunburst design,Oct 25,0,1200,G7,2026-09-21T18:38:37
sunburst design,Nov 25,0,1200,G7,2026-09-21T18:38:37
sunburst design,Dec 25,0,1200,G7,2026-09-21T18:38:37
sunburst design,Jan 26,0,1200,G7,2026-09-21T18:38:37
sunburst design,Feb 26,0,1200,G7,2026-09-21T18:38:37
sunburst design,Mar 26,0,1200,G7,2026-09-21T18:38:37
sunburst design,Apr 26,0,1200,G7,2026-09-21T18:38:37
sunburst design,May 26,0,1200,G7,2026-09-21T18:38:37
sunburst design,Jun 26,0,1200,G7,2026-09-21T18:38:37
sunburst design,Jul 26,10,1200,G7,2026-09-21T18:38:37
vintage floral,May 25,1110,1200,G7,2026-09-21T18:38:37
vintage floral,Jun 25,10,1200,G7,2026-09-21T18:38:37
vintage floral,Jul 25,0,1200,G7,2026-09-21T18:38:37
vintage floral,Aug 25,0,1200,G7,2026-09-21T18:38:37
vintage floral,Sep 25,10,1200,G7,2026-09-21T18:38:37
vintage floral,Oct 25,10,1200,G7,2026-09-21T18:38:37
vintage floral,Nov 25,0,1200,G7,2026-09-21T18:38:37
vintage floral,Dec 25,10,1200,G7,2026-09-21T18:38:37
vintage floral,Jan 26,10,1200,G7,2026-09-21T18:38:37
vintage floral,Feb 26,10,1200,G7,2026-09-21T18:38:37
vintage floral,Mar 26,10,1200,G7,2026-09-21T18:38:37
vintage floral,Apr 26,10,1200,G7,2026-09-21T18:38:37
vintage floral,May 26,0,1200,G7,2026-09-21T18:38:37
vintage floral,Jun 26,0,1200,G7,2026-09-21T18:38:37
vintage floral,Jul 26,0,1200,G7,2026-09-21T18:38:37
mandala embroidery pattern,May 25,0,1200,G7,2026-09-21T18:38:37
mandala embroidery pattern,Jun 25,0,1200,G7,2026-09-21T18:38:37
mandala embroidery pattern,Jul 25,0,1200,G7,2026-09-21T18:38:37
mandala embroidery pattern,Aug 25,10,1200,G7,2026-09-21T18:38:37
mandala embroidery pattern,Sep 25,0,1200,G7,2026-09-21T18:38:37
mandala embroidery pattern,Oct 25,10,1200,G7,2026-09-21T18:38:37
mandala embroidery pattern,Nov 25,10,1200,G7,2026-09-21T18:38:37
mandala embroidery pattern,Dec 25,0,1200,G7,2026-09-21T18:38:37
mandala embroidery pattern,Jan 26,0,1200,G7,2026-09-21T18:38:37
mandala embroidery pattern,Feb 26,0,1200,G7,2026-09-21T18:38:37
mandala embroidery pattern,Mar 26,10,1200,G7,2026-09-21T18:38:37
mandala embroidery pattern,Apr 26,0,1200,G7,2026-09-21T18:38:37
mandala embroidery pattern,May 26,0,1200,G7,2026-09-21T18:38:37
mandala embroidery pattern,Jun 26,0,1200,G7,2026-09-21T18:38:37
mandala embroidery pattern,Jul 26,10,1200,G7,2026-09-21T18:38:37
geometric hand embroidery patterns,May 25,0,1200,G7,2026-09-21T18:38:37
geometric hand embroidery patterns,Jun 25,0,1200,G7,2026-09-21T18:38:37
geometric hand embroidery patterns,Jul 25,0,1200,G7,2026-09-21T18:38:37
geometric hand embroidery patterns,Aug 25,0,1200,G7,2026-09-21T18:38:37
geometric hand embroidery patterns,Sep 25,0,1200,G7,2026-09-21T18:38:37
geometric hand embroidery patterns,Oct 25,0,1200,G7,2026-09-21T18:38:37
geometric hand embroidery patterns,Nov 25,0,1200,G7,2026-09-21T18:38:37
geometric hand embroidery patterns,Dec 25,0,1200,G7,2026-09-21T18:38:37
geometric hand embroidery patterns,Jan 26,0,1200,G7,2026-09-21T18:38:37
geometric hand embroidery patterns,Feb 26,0,1200,G7,2026-09-21T18:38:37
geometric hand embroidery patterns,Mar 26,0,1200,G7,2026-09-21T18:38:37
geometric hand embroidery patterns,Apr 26,0,1200,G7,2026-09-21T18:38:37
geometric hand embroidery patterns,May 26,0,1200,G7,2026-09-21T18:38:37
geometric hand embroidery patterns,Jun 26,0,1200,G7,2026-09-21T18:38:37
geometric hand embroidery patterns,Jul 26,0,1200,G7,2026-09-21T18:38:37
snowman pattern,May 25,0,1200,G7,2026-09-21T18:38:37
snowman pattern,Jun 25,0,1200,G7,2026-09-21T18:38:37
snowman pattern,Jul 25,0,1200,G7,2026-09-21T18:38:37
snowman pattern,Aug 25,0,1200,G7,2026-09-21T18:38:37
snowman pattern,Sep 25,10,1200,G7,2026-09-21T18:38:37
snowman pattern,Oct 25,0,1200,G7,2026-09-21T18:38:37
snowman pattern,Nov 25,10,1200,G7,2026-09-21T18:38:37
snowman pattern,Dec 25,10,1200,G7,2026-09-21T18:38:37
snowman pattern,Jan 26,0,1200,G7,2026-09-21T18:38:37
snowman pattern,Feb 26,0,1200,G7,2026-09-21T18:38:37
snowman pattern,Mar 26,10,1200,G7,2026-09-21T18:38:37
snowman pattern,Apr 26,0,1200,G7,2026-09-21T18:38:37
snowman pattern,May 26,0,1200,G7,2026-09-21T18:38:37
snowman pattern,Jun 26,10,1200,G7,2026-09-21T18:38:37
snowman pattern,Jul 26,0,1200,G7,2026-09-21T18:38:37
embroidered kippah women,May 25,0,1200,G7,2026-09-21T18:38:37
embroidered kippah women,Jun 25,0,1200,G7,2026-09-21T18:38:37
embroidered kippah women,Jul 25,0,1200,G7,2026-09-21T18:38:37
embroidered kippah women,Aug 25,0,1200,G7,2026-09-21T18:38:37
embroidered kippah women,Sep 25,0,1200,G7,2026-09-21T18:38:37
embroidered kippah women,Oct 25,0,1200,G7,2026-09-21T18:38:37
embroidered kippah women,Nov 25,0,1200,G7,2026-09-21T18:38:37
embroidered kippah women,Dec 25,0,1200,G7,2026-09-21T18:38:37
embroidered kippah women,Jan 26,0,1200,G7,2026-09-21T18:38:37
embroidered kippah women,Feb 26,0,1200,G7,2026-09-21T18:38:37
embroidered kippah women,Mar 26,0,1200,G7,2026-09-21T18:38:37
embroidered kippah women,Apr 26,0,1200,G7,2026-09-21T18:38:37
embroidered kippah women,May 26,0,1200,G7,2026-09-21T18:38:37
embroidered kippah women,Jun 26,0,1200,G7,2026-09-21T18:38:37
embroidered kippah women,Jul 26,0,1200,G7,2026-09-21T18:38:37
hand embroidery pdf geometric,May 25,0,1200,G7,2026-09-21T18:38:37
hand embroidery pdf geometric,Jun 25,0,1200,G7,2026-09-21T18:38:37
hand embroidery pdf geometric,Jul 25,0,1200,G7,2026-09-21T18:38:37
hand embroidery pdf geometric,Aug 25,0,1200,G7,2026-09-21T18:38:37
hand embroidery pdf geometric,Sep 25,0,1200,G7,2026-09-21T18:38:37
hand embroidery pdf geometric,Oct 25,0,1200,G7,2026-09-21T18:38:37
hand embroidery pdf geometric,Nov 25,0,1200,G7,2026-09-21T18:38:37
hand embroidery pdf geometric,Dec 25,0,1200,G7,2026-09-21T18:38:37
hand embroidery pdf geometric,Jan 26,0,1200,G7,2026-09-21T18:38:37
hand embroidery pdf geometric,Feb 26,0,1200,G7,2026-09-21T18:38:37
hand embroidery pdf geometric,Mar 26,0,1200,G7,2026-09-21T18:38:37
hand embroidery pdf geometric,Apr 26,0,1200,G7,2026-09-21T18:38:37
hand embroidery pdf geometric,May 26,0,1200,G7,2026-09-21T18:38:37
hand embroidery pdf geometric,Jun 26,0,1200,G7,2026-09-21T18:38:37
hand embroidery pdf geometric,Jul 26,0,1200,G7,2026-09-21T18:38:37
modern minimalist embroidery pattern,May 25,0,1200,G7,2026-09-21T18:38:37
modern minimalist embroidery pattern,Jun 25,0,1200,G7,2026-09-21T18:38:37
modern minimalist embroidery pattern,Jul 25,0,1200,G7,2026-09-21T18:38:37
modern minimalist embroidery pattern,Aug 25,0,1200,G7,2026-09-21T18:38:37
modern minimalist embroidery pattern,Sep 25,0,1200,G7,2026-09-21T18:38:37
modern minimalist embroidery pattern,Oct 25,0,1200,G7,2026-09-21T18:38:37
modern minimalist embroidery pattern,Nov 25,0,1200,G7,2026-09-21T18:38:37
modern minimalist embroidery pattern,Dec 25,0,1200,G7,2026-09-21T18:38:37
modern minimalist embroidery pattern,Jan 26,0,1200,G7,2026-09-21T18:38:37
modern minimalist embroidery pattern,Feb 26,0,1200,G7,2026-09-21T18:38:37
modern minimalist embroidery pattern,Mar 26,0,1200,G7,2026-09-21T18:38:37
modern minimalist embroidery pattern,Apr 26,0,1200,G7,2026-09-21T18:38:37
modern minimalist embroidery pattern,May 26,0,1200,G7,2026-09-21T18:38:37
modern minimalist embroidery pattern,Jun 26,0,1200,G7,2026-09-21T18:38:37
modern minimalist embroidery pattern,Jul 26,0,1200,G7,2026-09-21T18:38:37
paper embriodery template,May 25,0,1200,G7,2026-09-21T18:38:37
paper embriodery template,Jun 25,0,1200,G7,2026-09-21T18:38:37
paper embriodery template,Jul 25,0,1200,G7,2026-09-21T18:38:37
paper embriodery template,Aug 25,0,1200,G7,2026-09-21T18:38:37
paper embriodery template,Sep 25,0,1200,G7,2026-09-21T18:38:37
paper embriodery template,Oct 25,0,1200,G7,2026-09-21T18:38:37
paper embriodery template,Nov 25,0,1200,G7,2026-09-21T18:38:37
paper embriodery template,Dec 25,0,1200,G7,2026-09-21T18:38:37
paper embriodery template,Jan 26,0,1200,G7,2026-09-21T18:38:37
paper embriodery template,Feb 26,0,1200,G7,2026-09-21T18:38:37
paper embriodery template,Mar 26,0,1200,G7,2026-09-21T18:38:37
paper embriodery template,Apr 26,0,1200,G7,2026-09-21T18:38:37
paper embriodery template,May 26,0,1200,G7,2026-09-21T18:38:37
paper embriodery template,Jun 26,0,1200,G7,2026-09-21T18:38:37
paper embriodery template,Jul 26,0,1200,G7,2026-09-21T18:38:37
mandala embroidery design,May 25,0,1200,G7,2026-09-21T18:38:37
mandala embroidery design,Jun 25,0,1200,G7,2026-09-21T18:38:37
mandala embroidery design,Jul 25,0,1200,G7,2026-09-21T18:38:37
mandala embroidery design,Aug 25,0,1200,G7,2026-09-21T18:38:37
mandala embroidery design,Sep 25,0,1200,G7,2026-09-21T18:38:37
mandala embroidery design,Oct 25,0,1200,G7,2026-09-21T18:38:37
mandala embroidery design,Nov 25,0,1200,G7,2026-09-21T18:38:37
mandala embroidery design,Dec 25,0,1200,G7,2026-09-21T18:38:37
mandala embroidery design,Jan 26,0,1200,G7,2026-09-21T18:38:37
mandala embroidery design,Feb 26,0,1200,G7,2026-09-21T18:38:37
mandala embroidery design,Mar 26,0,1200,G7,2026-09-21T18:38:37
mandala embroidery design,Apr 26,0,1200,G7,2026-09-21T18:38:37
mandala embroidery design,May 26,0,1200,G7,2026-09-21T18:38:37
mandala embroidery design,Jun 26,0,1200,G7,2026-09-21T18:38:37
mandala embroidery design,Jul 26,0,1200,G7,2026-09-21T18:38:37
mandala embroidery pattern download,May 25,0,1200,G7,2026-09-21T18:38:37
mandala embroidery pattern download,Jun 25,0,1200,G7,2026-09-21T18:38:37
mandala embroidery pattern download,Jul 25,0,1200,G7,2026-09-21T18:38:37
mandala embroidery pattern download,Aug 25,0,1200,G7,2026-09-21T18:38:37
mandala embroidery pattern download,Sep 25,0,1200,G7,2026-09-21T18:38:37
mandala embroidery pattern download,Oct 25,0,1200,G7,2026-09-21T18:38:37
mandala embroidery pattern download,Nov 25,0,1200,G7,2026-09-21T18:38:37
mandala embroidery pattern download,Dec 25,0,1200,G7,2026-09-21T18:38:37
mandala embroidery pattern download,Jan 26,0,1200,G7,2026-09-21T18:38:37
mandala embroidery pattern download,Feb 26,0,1200,G7,2026-09-21T18:38:37
mandala embroidery pattern download,Mar 26,0,1200,G7,2026-09-21T18:38:37
mandala embroidery pattern download,Apr 26,0,1200,G7,2026-09-21T18:38:37
mandala embroidery pattern download,May 26,0,1200,G7,2026-09-21T18:38:37
mandala embroidery pattern download,Jun 26,0,1200,G7,2026-09-21T18:38:37
mandala embroidery pattern download,Jul 26,0,1200,G7,2026-09-21T18:38:37
hand embroidery pattern pdf,May 25,0,1200,G7,2026-09-21T18:38:37
hand embroidery pattern pdf,Jun 25,0,1200,G7,2026-09-21T18:38:37
hand embroidery pattern pdf,Jul 25,0,1200,G7,2026-09-21T18:38:37
hand embroidery pattern pdf,Aug 25,10,1200,G7,2026-09-21T18:38:37
hand embroidery pattern pdf,Sep 25,10,1200,G7,2026-09-21T18:38:37
hand embroidery pattern pdf,Oct 25,0,1200,G7,2026-09-21T18:38:37
hand embroidery pattern pdf,Nov 25,0,1200,G7,2026-09-21T18:38:37
hand embroidery pattern pdf,Dec 25,10,1200,G7,2026-09-21T18:38:37
hand embroidery pattern pdf,Jan 26,0,1200,G7,2026-09-21T18:38:37
hand embroidery pattern pdf,Feb 26,0,1200,G7,2026-09-21T18:38:37
hand embroidery pattern pdf,Mar 26,0,1200,G7,2026-09-21T18:38:37
hand embroidery pattern pdf,Apr 26,0,1200,G7,2026-09-21T18:38:37
hand embroidery pattern pdf,May 26,10,1200,G7,2026-09-21T18:38:37
hand embroidery pattern pdf,Jun 26,10,1200,G7,2026-09-21T18:38:37
hand embroidery pattern pdf,Jul 26,0,1200,G7,2026-09-21T18:38:37
botanical embroidery design hand embroidery,May 25,0,1200,G7,2026-09-21T18:38:37
botanical embroidery design hand embroidery,Jun 25,0,1200,G7,2026-09-21T18:38:37
botanical embroidery design hand embroidery,Jul 25,0,1200,G7,2026-09-21T18:38:37
botanical embroidery design hand embroidery,Aug 25,0,1200,G7,2026-09-21T18:38:37
botanical embroidery design hand embroidery,Sep 25,0,1200,G7,2026-09-21T18:38:37
botanical embroidery design hand embroidery,Oct 25,0,1200,G7,2026-09-21T18:38:37
botanical embroidery design hand embroidery,Nov 25,0,1200,G7,2026-09-21T18:38:37
botanical embroidery design hand embroidery,Dec 25,0,1200,G7,2026-09-21T18:38:37
botanical embroidery design hand embroidery,Jan 26,0,1200,G7,2026-09-21T18:38:37
botanical embroidery design hand embroidery,Feb 26,0,1200,G7,2026-09-21T18:38:37
botanical embroidery design hand embroidery,Mar 26,0,1200,G7,2026-09-21T18:38:37
botanical embroidery design hand embroidery,Apr 26,0,1200,G7,2026-09-21T18:38:37
botanical embroidery design hand embroidery,May 26,0,1200,G7,2026-09-21T18:38:37
botanical embroidery design hand embroidery,Jun 26,10,1200,G7,2026-09-21T18:38:37
botanical embroidery design hand embroidery,Jul 26,0,1200,G7,2026-09-21T18:38:37
medieval embroidery patterns,May 25,0,1200,G7,2026-09-21T18:38:37
medieval embroidery patterns,Jun 25,0,1200,G7,2026-09-21T18:38:37
medieval embroidery patterns,Jul 25,0,1200,G7,2026-09-21T18:38:37
medieval embroidery patterns,Aug 25,0,1200,G7,2026-09-21T18:38:37
medieval embroidery patterns,Sep 25,0,1200,G7,2026-09-21T18:38:37
medieval embroidery patterns,Oct 25,0,1200,G7,2026-09-21T18:38:37
medieval embroidery patterns,Nov 25,0,1200,G7,2026-09-21T18:38:37
medieval embroidery patterns,Dec 25,10,1200,G7,2026-09-21T18:38:37
medieval embroidery patterns,Jan 26,0,1200,G7,2026-09-21T18:38:37
medieval embroidery patterns,Feb 26,0,1200,G7,2026-09-21T18:38:37
medieval embroidery patterns,Mar 26,0,1200,G7,2026-09-21T18:38:37
medieval embroidery patterns,Apr 26,0,1200,G7,2026-09-21T18:38:37
medieval embroidery patterns,May 26,10,1200,G7,2026-09-21T18:38:37
medieval embroidery patterns,Jun 26,0,1200,G7,2026-09-21T18:38:37
medieval embroidery patterns,Jul 26,0,1200,G7,2026-09-21T18:38:37
calm stitching,May 25,0,1200,G7,2026-09-21T18:38:37
calm stitching,Jun 25,0,1200,G7,2026-09-21T18:38:37
calm stitching,Jul 25,0,1200,G7,2026-09-21T18:38:37
calm stitching,Aug 25,0,1200,G7,2026-09-21T18:38:37
calm stitching,Sep 25,0,1200,G7,2026-09-21T18:38:37
calm stitching,Oct 25,0,1200,G7,2026-09-21T18:38:37
calm stitching,Nov 25,0,1200,G7,2026-09-21T18:38:37
calm stitching,Dec 25,0,1200,G7,2026-09-21T18:38:37
calm stitching,Jan 26,0,1200,G7,2026-09-21T18:38:37
calm stitching,Feb 26,0,1200,G7,2026-09-21T18:38:37
calm stitching,Mar 26,0,1200,G7,2026-09-21T18:38:37
calm stitching,Apr 26,0,1200,G7,2026-09-21T18:38:37
calm stitching,May 26,0,1200,G7,2026-09-21T18:38:37
calm stitching,Jun 26,0,1200,G7,2026-09-21T18:38:37
calm stitching,Jul 26,0,1200,G7,2026-09-21T18:38:37
